ID,POSITION
200794_2016,F
1627098_2016,G
101141_2016,F
2730_2016,C
203501_2016,G
1627752_2016,F
101181_2016,G
203471_2016,G
203145_2016,F-G
200757_2016,F
203527_2016,F
203488_2016,F-C
2399_2016,G-F
2743_2016,F
1627761_2016,F-G
1628499_2017,G
1628416_2017,G
1628537_2017,G
1628510_2017,F
1627098_2017,G
202379_2017,F
1627814_2017,G
203705_2017,G
1627752_2017,F
203473_2017,C
203471_2017,G
203101_2017,C-F
1628381_2017,F-C
1627819_2017,G
203145_2017,G
203488_2017,F-C
1628463_2017,F
1627761_2017,F-G
1626147_2018,G-F
1628989_2018,G
1629016_2018,F
1629353_2018,C
1629121_2018,G
1629027_2018,G
1627752_2018,F
203473_2018,C
1713_2018,F-G
203101_2018,C
1628381_2018,F-C
1627816_2018,F
203145_2018,G
203458_2018,C
1627761_2018,F
201952_2019,G
1629164_2019,G
1626203_2019,G-F
1628989_2019,G-F
1629718_2019,G
1627746_2019,F-C
1629027_2019,G
1629631_2019,F-G
203473_2019,C
1713_2019,G-F
203991_2019,C
1628381_2019,F
1629629_2019,F-G
1628981_2019,F-C
1627745_2019,C
1627761_2019,G-F
1629164_2020,G
1630233_2020,F-C
1628989_2020,G-F
1630219_2020,G
101150_2020,G
201568_2020,F
1629027_2020,G
1629631_2020,F-G
203992_2020,G
203991_2020,C
1630168_2020,F-C
203524_2020,F
203503_2020,G
1628381_2020,F-C
1629629_2020,F-G
1628981_2020,F-C
1627739_2020,G
1626153_2021,G
1630552_2021,F
1630536_2021,G
1628989_2021,G-F
1630219_2021,G
1628995_2021,F
101150_2021,G
1627789_2021,G-F
201568_2021,F
203476_2021,C
1629027_2021,G
1629631_2021,F-G
203992_2021,G
203991_2021,C
1630168_2021,F-C
1628381_2021,F-C
1630602_2021,F
1631495_2022,G
1628981_2022,F-C
1630552_2022,F
1630235_2022,G
1628988_2022,G
1627749_2022,G
1629027_2022,G
1629631_2022,F-G
203992_2022,G
1631100_2022,F
203991_2022,C
1630168_2022,F-C
1628381_2022,F-C
1631213_2022,G
1629726_2022,G
1630249_2022,G
1630180_2022,F
1630552_2023,F
1630235_2023,G
1641754_2023,G-F
1641723_2023,G
1627749_2023,G
1629027_2023,G
1629631_2023,F-G
203992_2023,G
1631100_2023,F
203991_2023,C
1630168_2023,F-C
1631243_2023,F
1629685_2023,G-F
1628981_2023,F-C
1629726_2023,G
1630249_2023,G
202083_2023,G
1630180_2023,G-F
1631210_2024,F
1630552_2024,F
1630811_2024,G
1627747_2024,G
1641723_2024,G
1630700_2024,G
1642258_2024,F
1629027_2024,G
1629611_2024,G-F
203991_2024,C
1630168_2024,F-C
1631243_2024,F
1627777_2024,F
1626204_2024,F-C
1629726_2024,G
1631230_2024,F
1630249_2024,G
1631342_2024,G-F
1642933_2025,G
1642484_2025,G
1630228_2025,F
1630552_2025,F
1630811_2025,G
203468_2025,G
1629216_2025,G
1630700_2025,G
1629638_2025,G
1627741_2025,G
1642258_2025,F
1631132_2025,C
1628396_2025,C-F
1642854_2025,F
1630168_2025,F-C
1631243_2025,F
1630557_2025,F
1629111_2025,C
202340_2016,G
202738_2016,G
1627759_2016,F
201973_2016,F
1627743_2016,G
1626179_2016,G
203923_2016,G-F
101123_2016,F
203935_2016,G
203482_2016,C-F
201143_2016,C
203092_2016,C
1626175_2016,F
101161_2016,F
203109_2016,F
1628369_2017,F
1627759_2017,G-F
203499_2017,G
202918_2017,G
202681_2017,G
1626179_2017,G
202694_2017,F
202330_2017,F
1628444_2017,G
1628464_2017,F-C
1627846_2017,F
1627824_2017,F
203935_2017,G
1628400_2017,F
201143_2017,F-C
1628443_2017,G
203382_2017,C
202328_2017,C-F
1626780_2017,G
1628369_2018,F
1626780_2018,G
1627759_2018,G
202954_2018,G
202681_2018,G
1626179_2018,G
202694_2018,F
202330_2018,F
1628464_2018,F
1626154_2018,G
1627824_2018,F
203935_2018,G
1628400_2018,F
201143_2018,C-F
1629057_2018,C-F
203382_2018,C-F
1628408_2018,G-F
1628369_2019,F-G
1629035_2019,G
1627759_2019,G-F
202689_2019,G
202954_2019,G
202683_2019,C
1629684_2019,F
202330_2019,F
1628464_2019,F-C
203935_2019,G
1628400_2019,F
1629750_2019,G-F
1629057_2019,C-F
1629641_2019,G-F
1629682_2019,G
1629738_2019,C-F
1629605_2019,C
1628369_2020,F-G
1629035_2020,G
1627759_2020,G-F
1629650_2020,C
1630202_2020,G
1629684_2020,F
202684_2020,C-F
203953_2020,F
1630174_2020,G-F
203935_2020,G
1628400_2020,F
1628436_2020,F-C
201143_2020,C-F
1629057_2020,C-F
1629641_2020,G-F
1629682_2020,G
203095_2020,G-F
1629605_2020,C
1630346_2021,F
1628369_2021,F-G
1627759_2021,G-F
1630238_2021,F
1628401_2021,G
1630202_2021,G
1629684_2021,F
203917_2021,G
1629752_2021,F
1630174_2021,G-F
1628464_2021,F-C
1630573_2021,F
203935_2021,G
1628436_2021,C-F
201143_2021,C-F
1629057_2021,C-F
1630271_2021,G
1628369_2022,F-G
1627759_2022,G-F
201568_2022,F
1628401_2022,G
1630202_2022,G
1629684_2022,F
1627763_2022,G
1631120_2022,G
1629662_2022,C
1630573_2022,F
203935_2022,G
1628436_2022,C-F
201143_2022,C-F
1629057_2022,C-F
203488_2022,F-C
201933_2022,F
1630551_2022,G-F
1628369_2023,F-G
201950_2023,G
1627759_2023,G-F
204001_2023,F-C
1628401_2023,G
1630202_2023,G
1629052_2023,F-G
1641809_2023,F
1631120_2023,G
1630214_2023,F
1641775_2023,G
1630573_2023,F
1628436_2023,C-F
201143_2023,C-F
1630531_2023,G
1629004_2023,G-F
1629674_2023,C
1628369_2024,F-G
1641936_2024,F
201950_2024,G
1627759_2024,G-F
204001_2024,F-C
1628401_2024,G
1630202_2024,G
1628470_2024,F
1641809_2024,F
1631120_2024,G
1630214_2024,F
1641775_2024,G
1630573_2024,F
1628436_2024,C-F
201143_2024,C-F
1631248_2024,G
1629674_2024,C
1628369_2025,F-G
202696_2025,C
1627759_2025,G-F
1642910_2025,G
1628401_2025,G
1630202_2025,G
1631199_2025,G-F
1641775_2025,G
1642864_2025,G
1630573_2025,F
1642917_2025,G
1630625_2025,F
1630568_2025,C
1631248_2025,G
1642873_2025,F-C
1629674_2025,C
201567_2016,F
2592_2016,G-F
202681_2016,G
202682_2016,F
202697_2016,G
2747_2016,G
101112_2016,F
202684_2016,C
1627770_2016,G
2544_2016,F
2210_2016,F
2594_2016,G
2563_2016,G-F
101114_2016,G
204002_2016,C
201567_2017,C-F
203918_2017,G
201588_2017,G
2747_2017,G-F
203903_2017,G
202684_2017,C-F
1627855_2017,F
1626224_2017,F-G
2570_2017,C
1626204_2017,F
2544_2017,F-G
2594_2017,G
201145_2017,F
1627790_2017,F-C
101181_2017,G
201567_2018,F-C
203917_2018,G
1629012_2018,G
1627737_2018,F
1628417_2018,F
2747_2018,G-F
203903_2018,G
101112_2018,F-C
1628021_2018,G
202684_2018,C-F
1626224_2018,F
203521_2018,G
202688_2018,G
1626204_2018,F
203089_2018,F
1629061_2018,F
1627790_2018,C
201567_2019,F-C
203957_2019,G
1629012_2019,G
203083_2019,C
1629645_2019,G-F
1628395_2019,F
1629685_2019,G-F
1629636_2019,G
202684_2019,C-F
1626224_2019,F
203521_2019,G
1626204_2019,F-C
1628035_2019,F
1629760_2019,G
1629731_2019,F-C
1627790_2019,C
201567_2020,F-C
1629012_2020,G
1629725_2020,G
1630205_2020,F
1629685_2020,G-F
1629636_2020,G
1627752_2020,F
1626224_2020,F
203521_2020,G
1628422_2020,G
1626204_2020,F-C
1629662_2020,F-C
1628386_2020,C
1629731_2020,F-C
1630271_2020,G
1630171_2020,F-G
1628392_2020,C-F
201567_2021,F-C
1629164_2021,G
200765_2021,G
1629012_2021,G
1627747_2021,G
1630596_2021,C
1630612_2021,G
1629650_2021,C
1630205_2021,F
1629685_2021,G-F
1629636_2021,G
1626224_2021,F
202334_2021,C-F
1628374_2021,F-C
1628386_2021,C
1629731_2021,F-C
1630171_2021,F-G
1627747_2022,G
1630596_2022,C
1630205_2022,F
1629685_2022,G-F
1629636_2022,G
201937_2022,G
201980_2022,G
1630600_2022,F
1626224_2022,F
203526_2022,G
1630241_2022,G
1629603_2022,F
1628386_2022,C
1629731_2022,F-C
201577_2022,C
1630171_2022,F-G
1628378_2022,G
1629622_2023,G-F
1629660_2023,G-F
1627747_2023,G
1630596_2023,C
1630241_2023,G
1631250_2023,F
1641854_2023,G
1629636_2023,G
202684_2023,C-F
1630600_2023,F
1627777_2023,F
1641734_2023,F
202694_2023,F
1627745_2023,C
1628386_2023,C
1629731_2023,F-C
1630171_2023,F-G
1628378_2023,G
1629622_2024,G-F
1629660_2024,G-F
1630596_2024,C
1630241_2024,G
1629750_2024,G
1641854_2024,G
1629636_2024,G
1629631_2024,F-G
202684_2024,C-F
1629643_2024,F
1641734_2024,F
1642281_2024,G-F
1641772_2024,F
1628386_2024,C
1629731_2024,F-C
1631247_2024,F
1630171_2024,F-G
1628378_2024,G
201935_2025,G
1629622_2025,G-F
1628418_2025,C-F
1630596_2025,C
1630241_2025,G
203471_2025,G
1641854_2025,G
1642434_2025,F
1631165_2025,G
1642281_2025,G-F
1642400_2025,F
1626204_2025,F-C
1642878_2025,G
1628386_2025,C
1629731_2025,F-C
1630846_2025,C
1641772_2025,F
1628378_2025,G
202326_2016,F-C
204025_2016,G
201600_2016,C
202348_2016,G
1626253_2016,G-F
201950_2016,G
202700_2016,F-C
1627767_2016,F
202347_2016,G-F
1626188_2016,G
203076_2016,F-C
201967_2016,F
201582_2016,C
203524_2016,F
202734_2016,G
202326_2017,C
203580_2017,G
203546_2017,G
202703_2017,F
1628429_2017,G
200765_2017,G
201950_2017,G
1627767_2017,F
1628402_2017,G
203121_2017,F
203076_2017,F-C
202348_2017,G
202732_2017,G
201582_2017,C
203524_2017,F
2731_2017,C
202734_2017,F-G
203546_2018,G
1626169_2018,F
203901_2018,G
1629129_2018,G-F
1626143_2018,C
1629541_2018,G
201950_2018,G
1627767_2018,F
1628402_2018,G
203121_2018,F
203076_2018,F-C
203944_2018,C-F
1629026_2018,G-F
1626174_2018,F
203524_2018,F
202734_2018,G
1629638_2019,G
1629627_2019,F
1628366_2019,G
1628404_2019,G
200755_2019,G
1627982_2019,G
1626143_2019,C-F
1629637_2019,C-F
201950_2019,G
1628414_2019,G
1627742_2019,F
1628402_2019,G
1629740_2019,F
203121_2019,F
202324_2019,F
1629026_2019,G-F
1629597_2019,F
202734_2019,G
1629712_2020,G
1629627_2020,F
1628366_2020,G
1628404_2020,G
1628411_2020,F
202339_2020,G
1629638_2020,G
1630230_2020,F
1626195_2020,C-F
1629637_2020,C-F
203500_2020,C
1630184_2020,G
1627742_2020,F
201949_2020,F
203263_2020,F
1629117_2020,F
1629627_2021,F
1629607_2021,G
203468_2021,G
1628984_2021,G
1630529_2021,F
1630230_2021,F
1626195_2021,C-F
1629637_2021,C-F
1629109_2021,F
1630184_2021,G
1627742_2021,F
1630631_2021,G
202685_2021,C
203503_2021,G
1626204_2021,F-C
1630530_2021,F
202066_2021,G-F
1631220_2022,G
1629627_2022,F
1626196_2022,G
203468_2022,G
1630529_2022,F
1630230_2022,F
1626195_2022,C-F
1629637_2022,C-F
1630700_2022,G
1630184_2022,G
1627742_2022,F
1630631_2022,G
202685_2022,C
1626204_2022,F-C
1630530_2022,F
1630604_2022,F
202066_2022,G-F
1631220_2023,G
1629627_2023,F
203468_2023,G
1630529_2023,F
1630230_2023,F
1630700_2023,G
1627742_2023,F
1630631_2023,G
202685_2023,C
1626204_2023,F-C
1641722_2023,G
1630530_2023,F
1630604_2023,F
1630792_2023,F
1630346_2023,F
203469_2023,F-C
1630526_2023,F
1631232_2024,F
1628971_2024,G-F
1629627_2024,F
1630529_2024,F
203468_2024,G
203901_2024,G
1627749_2024,G
1631288_2024,F
1630527_2024,G
1641810_2024,G
203482_2024,F-C
1630631_2024,G
1631255_2024,F-C
1642274_2024,C
1631311_2024,G
1641722_2024,G
1630530_2024,F
1630526_2024,F
1642490_2025,C
1642847_2025,G
1629627_2025,F
1630529_2025,F
1629673_2025,G
1630621_2025,C
1627749_2025,G
201599_2025,C
1631121_2025,G
1642877_2025,G-F
1631255_2025,F-C
1642274_2025,C
1642852_2025,C
1641725_2025,G
1641722_2025,G
1630530_2025,F
1630180_2025,G-F
1626172_2025,F
203477_2016,G
1626170_2016,G
2548_2016,G
1626171_2016,F
1626245_2016,F-C
203487_2016,G
201577_2016,C
200765_2016,G
201627_2016,G
1627835_2016,F
202710_2016,F
1626166_2016,G
202703_2016,F
1627756_2016,G
203530_2016,C-F
203930_2017,G
1626170_2017,G
201600_2017,C
1626171_2017,F
1626245_2017,C-F
203200_2017,G-F
203897_2017,G
1628469_2017,G
1628021_2017,F
1627853_2017,G
1627835_2017,F
1626166_2017,G
1628374_2017,F
203943_2017,F
204067_2017,G-F
1627739_2017,G
201577_2017,C
1627756_2017,F
1627885_2018,G
1626245_2018,F-C
1627789_2018,G-F
203897_2018,G
1628469_2018,G
1627782_2018,G-F
1628990_2018,F
1628959_2018,G
203490_2018,F
1628374_2018,F
1627215_2018,G
1627739_2018,G
1628976_2018,C
201577_2018,C
1629102_2018,G
1627756_2018,G
1627853_2018,G
1629632_2019,G
1628436_2019,F-C
1627885_2019,G
1626245_2019,F-C
203897_2019,G-F
1629655_2019,F-C
1628990_2019,F-G
1629690_2019,G
201152_2019,F
203490_2019,F
1628374_2019,F-C
1629622_2019,G-F
203107_2019,G
1627739_2019,G
1628976_2019,C-F
1627756_2019,G
1627853_2019,G
1629632_2020,G
1629653_2020,G
202329_2020,F
1626245_2020,F-C
1628972_2020,G-F
203897_2020,G-F
202696_2020,C
1629750_2020,G-F
202066_2020,G-F
1629690_2020,G
201152_2020,F
1628374_2020,F-C
1628464_2020,F-C
203107_2020,G
1630172_2020,F
1627756_2020,G
1627853_2020,G
1629632_2021,G
1628366_2021,G
202684_2021,C-F
1627884_2021,F
1627936_2021,G
1628972_2021,G-F
203897_2021,G-F
202696_2021,C
201942_2021,G-F
1630245_2021,G
1628396_2021,C-F
1630792_2021,F
1630250_2021,C
1629744_2021,G
1629750_2021,G-F
1629076_2021,F
1630172_2021,F
1629632_2022,G
1628366_2022,G
203083_2022,C
1627884_2022,F
1627936_2022,G
203897_2022,G
202696_2022,C
201942_2022,G-F
1630245_2022,G
1630250_2022,C
201976_2022,G
1630637_2022,G
1629750_2022,G
1631207_2022,F
1630678_2022,F
1631171_2022,F
1630172_2022,F
1641847_2023,G
1629632_2023,G
1628366_2023,G
203083_2023,C
1628975_2023,G
1627936_2023,G
203897_2023,G
202696_2023,C
201942_2023,G-F
1630245_2023,G
1628470_2023,F
1641763_2023,F
1641931_2023,F
1641766_2023,F
1629750_2023,G
1631207_2023,F
1630172_2023,F
1630929_2023,F
1629632_2024,G
1628366_2024,G
1630581_2024,G
1628975_2024,G
1630188_2024,F-C
202696_2024,C
1630245_2024,G
1642443_2024,G
1628380_2024,F-C
1628989_2024,G-F
1641824_2024,F
1641763_2024,F
1641801_2024,F
1629659_2024,G
1631207_2024,F
1630200_2024,G
1630604_2024,F
1630172_2024,F
1629012_2025,G
1630581_2025,G
1630644_2025,G
1642265_2025,G
1642530_2025,G
1631159_2025,F
1628380_2025,F-C
1630208_2025,C
1641824_2025,F
1631338_2025,F
1629014_2025,G
1642855_2025,F
1630188_2025,F-C
1627824_2025,F
1630200_2025,G
1630171_2025,F-G
1630172_2025,F
1642950_2025,C
203457_2016,F-C
200826_2016,G
202412_2016,G
203939_2016,F-C
1627852_2016,F
1627827_2016,F
1627812_2016,G
202732_2016,G
1627784_2016,F
1627773_2016,C
202083_2016,G-F
203552_2016,G
2734_2016,G
203084_2016,F
1717_2016,F
1626257_2016,C
1628372_2017,G
203457_2017,C
200826_2017,G
1628405_2017,F
203939_2017,C-F
1627858_2017,G
1626151_2017,G
1627827_2017,F
1627812_2017,G
203926_2017,F
1627883_2017,F
202083_2017,G-F
203552_2017,G
203084_2017,F
1717_2017,C-F
1628467_2017,F
1626257_2017,C
201584_2018,G
1629133_2018,G
200826_2018,G
204001_2018,F-C
203939_2018,F-C
1627827_2018,F
203501_2018,G
1628973_2018,G
203504_2018,G
2734_2018,G
1628961_2018,F
1717_2018,F
1628467_2018,F
1628382_2018,F
1629151_2018,G-F
1626257_2018,C
1629029_2018,F-G
201584_2019,G
1628499_2019,G
200826_2019,G
204001_2019,F-C
203939_2019,F-C
203077_2019,F
1627827_2019,F
203501_2019,G-F
1628973_2019,G
1629729_2019,G-F
203552_2019,G
203504_2019,G
1626161_2019,C
1628467_2019,F
1628382_2019,F
1626246_2019,C
1626153_2019,G
1629029_2019,F-G
1626196_2020,G
1630179_2020,G
1630189_2020,F
203504_2020,G
204001_2020,F-C
203939_2020,F-C
1630182_2020,G
1627827_2020,F
203501_2020,G-F
1628973_2020,G
1630207_2020,G-F
200755_2020,G
1626161_2020,C
1628467_2020,F
1629740_2020,F
1626246_2020,C
1629029_2020,F-G
1628425_2021,G-F
1629033_2021,G-F
203504_2021,G
1630589_2021,F
203939_2021,F-C
1630182_2021,G
1627827_2021,F
203501_2021,G-F
1628973_2021,G
1628373_2021,G
203493_2021,G-F
203915_2021,G
1627737_2021,F
1628467_2021,F
202722_2021,F
1626246_2021,C
1629029_2021,F-G
201580_2022,C-F
203200_2022,F-G
1629033_2022,G-F
202681_2022,G
1630702_2022,G
203939_2022,F-C
1630182_2022,G
1630639_2022,G
203501_2022,G-F
202693_2022,F
1628373_2022,G
1630593_2022,G
203493_2022,G-F
1626174_2022,F
1628467_2022,F
202722_2022,F
1629029_2022,F-G
203957_2023,G
1630314_2023,G
1630702_2023,G
1641726_2023,C
203939_2023,F-C
1630182_2023,G
1630639_2023,G
203501_2023,G-F
202681_2023,G
1641788_2023,F
1641765_2023,F
1629655_2023,F-C
1629023_2023,F
1630535_2023,F
1628467_2023,F
1627884_2023,F
1629029_2023,F-G
202693_2023,F
203957_2024,G
1631108_2024,G
1630702_2024,G
1641726_2024,C
203076_2024,F-C
203939_2024,F-C
1641765_2024,F
1630314_2024,G
202681_2024,G
1630230_2024,F
1628997_2024,F
1630556_2024,F
1629655_2024,F-C
1630539_2024,C-F
1629023_2024,F
203915_2024,G
202691_2024,G
1642967_2025,G
1631108_2025,G
1641726_2025,C
203939_2025,F-C
1642358_2025,G
1642948_2025,G
1630314_2025,G
202681_2025,G
1630230_2025,F
1628997_2025,F
203114_2025,F
1629655_2025,F-C
1641890_2025,F
1629023_2025,F
1630619_2025,C
202691_2025,G
1642843_2025,F
1628963_2025,F
201589_2016,F
1626144_2016,G
2749_2016,G
2034_2016,G-F
203115_2016,G-F
201568_2016,F
203914_2016,G
203999_2016,F-C
201163_2016,F
203486_2016,C
1627736_2016,G
1627750_2016,G
201579_2016,C
202702_2016,F
1627823_2016,F
201589_2017,F
1628470_2017,G-F
200794_2017,F
203115_2017,F-G
1626168_2017,F
1628420_2017,G
203914_2017,G
203999_2017,C
1628399_2017,F
201163_2017,F
2210_2017,F
203486_2017,C-F
1627736_2017,G
1627750_2017,G
2734_2017,G
202702_2017,F
1627823_2017,F
202738_2018,G
1629008_2018,F
1628470_2018,F
200794_2018,F
203115_2018,G
1629164_2018,G
1626168_2018,F
1629020_2018,F
1628420_2018,G
203914_2018,G
203999_2018,C
1628399_2018,F
203486_2018,F-C
1627736_2018,G
1627750_2018,G
1627823_2018,F
1629118_2018,C
1629008_2019,F
1628470_2019,F
200794_2019,F
203115_2019,G
1628966_2019,F
203486_2019,F-C
203924_2019,F
1629626_2019,C-F
1628420_2019,G
203914_2019,G
203999_2019,C
1629076_2019,F
1627750_2019,G
203584_2019,G
1628427_2019,F
203943_2019,F
1628408_2019,G-F
203210_2020,F-C
1630210_2020,G
1629008_2020,F
1627885_2020,G
200794_2020,F
203115_2020,G
1630267_2020,G
1629626_2020,C-F
1628420_2020,G
203999_2020,C
1630192_2020,F-C
203085_2020,G
1627750_2020,G
1628427_2020,F
201580_2020,C-F
1628408_2020,G-F
203932_2020,F
203210_2021,F-C
1630210_2021,G
1629008_2021,F
1630538_2021,G
202326_2021,C
203115_2021,G
1627854_2021,G
1630267_2021,G
1628432_2021,G
1628420_2021,G
203999_2021,C
1630192_2021,F-C
203085_2021,G
1627750_2021,G
1628427_2021,F
201145_2021,F
203932_2021,F
1631128_2022,G
1629008_2022,F
203484_2022,G
201599_2022,C
202704_2022,G
1631212_2022,G
1631298_2022,F
1628971_2022,G-F
1628418_2022,C-F
202397_2022,G
203999_2022,C
1631221_2022,G
1630192_2022,F-C
1627750_2022,G
1628427_2022,F
201145_2022,F
203932_2022,F
1631128_2023,G
1629008_2023,F
1631124_2023,G
1641816_2023,F
203484_2023,G
201599_2023,C
202704_2023,G
1631212_2023,G
203200_2023,F-G
1630296_2023,F
203999_2023,C
1631221_2023,G
1630192_2023,F-C
1629618_2023,G
1627750_2023,G
1630643_2023,C
1628427_2023,F
203932_2023,F
1631128_2024,G
1629008_2024,F
1631124_2024,G
201566_2024,G
1641816_2024,F
201599_2024,C
1631212_2024,G
203967_2024,F-C
1641790_2024,C
1641747_2024,F
203999_2024,C
1642461_2024,F
1630192_2024,F-C
1641725_2024,G
1629618_2024,G
1627750_2024,G
1628427_2024,F
203932_2024,F
1631128_2025,G
1642938_2025,G
1631124_2025,G
1626145_2025,G
1631212_2025,G
203501_2025,G-F
1628971_2025,G-F
1641747_2025,F
203999_2025,C
202685_2025,C
1642461_2025,F
1630192_2025,F-C
1629661_2025,F
1629618_2025,G
1642354_2025,G
1627750_2025,G
203932_2025,F
1631223_2025,F
1627775_2016,G
201580_2016,C
2561_2016,F
1626172_2016,F
2738_2016,G-F
202691_2016,G
1627745_2016,C
203949_2016,F
203546_2016,G
2440_2016,F
203110_2016,F
2585_2016,C
201939_2016,G
2733_2016,G
201142_2016,F
1627775_2017,G
201580_2017,C
1628395_2017,C-F
2561_2017,F
1626188_2017,G
1626172_2017,F
201156_2017,G-F
2738_2017,F-G
202691_2017,G
1627745_2017,C
203110_2017,F
2585_2017,C
201939_2017,G
2733_2017,G
201142_2017,F
202326_2018,C
1627814_2018,G
1628395_2018,F
1626188_2018,G
1626172_2018,C-F
2738_2018,F-G
1628980_2018,G
202691_2018,G
101106_2018,C
1627745_2018,C
201973_2018,F
203110_2018,F
1628035_2018,F
201939_2018,G
1629094_2018,F
2733_2018,G
201142_2018,F
1627814_2019,G-F
1629673_2019,G
1626172_2019,F
1629346_2019,F
1629672_2019,F
202691_2019,G
1628539_2019,G
1629065_2019,G
203952_2019,F
203110_2019,F
201939_2019,G
1627737_2019,F
1629308_2019,F
1627780_2020,G
1627814_2020,G-F
1630185_2020,G
1629673_2020,G
1626172_2020,F
1629346_2020,F
1628395_2020,F
1629672_2020,F
202691_2020,G
1626162_2020,F-G
1628539_2020,G
203952_2020,F
203110_2020,F
203145_2020,G-F
201939_2020,G
1630164_2020,C
1629308_2020,F
1627780_2021,G
1630228_2021,F
1627814_2021,G-F
1629185_2021,G
1629673_2021,G
1630541_2021,G
1626172_2021,F
202357_2021,F
2738_2021,G-F
202691_2021,G
1629683_2021,G
203952_2021,F
203110_2021,F
201939_2021,G
203490_2021,F
1630164_2021,C
1629308_2021,F
1628978_2022,G
1630228_2022,F
203210_2022,F-C
1631157_2022,G
1629673_2022,G
1630541_2022,G
1626172_2022,F
1631116_2022,F
1627780_2022,G
2738_2022,G-F
1629660_2022,G-F
202691_2022,G
203952_2022,F
203110_2022,F
1631311_2022,G
201939_2022,G
1630237_2022,F
1627780_2023,G
1630228_2023,F
1641764_2023,G
101108_2023,G
1630541_2023,G
1626172_2023,F
202691_2023,G
1630586_2023,F
1630611_2023,F
1629010_2023,G
203967_2023,F-C
203952_2023,F
203110_2023,F
1631311_2023,G
201939_2023,G
1631218_2023,F
1630311_2023,G
1627780_2024,G
1630228_2024,F
1642379_2024,G
1641764_2024,G
1630541_2024,G
1626172_2024,F
1627741_2024,G
202710_2024,F
1630296_2024,F
1630611_2024,F
1642366_2024,C
203110_2024,F
201939_2024,G
1628995_2024,F
1631218_2024,F
1642050_2024,F
1630311_2024,G
1627780_2025,G
1641764_2025,G
1642954_2025,G
1630541_2025,G
204001_2025,F-C
1629001_2025,G
202710_2025,F
1630611_2025,F
1643018_2025,G
1631466_2025,G
201143_2025,C-F
1642366_2025,C
203110_2025,F
1629646_2025,C-F
201939_2025,G
203552_2025,G
1642502_2025,F
1630311_2025,G
2772_2016,F
201976_2016,G
201583_2016,F
1626149_2016,F
1626155_2016,F
201628_2016,G
201569_2016,G
101150_2016,G
201935_2016,G
1627786_2016,F
203991_2016,C
1627819_2016,G
1627778_2016,F-C
1627787_2016,F
2403_2016,C-F
2772_2017,F-G
1626154_2017,G
101108_2017,G
200782_2017,F
1628935_2017,G
2207_2017,G-F
1627753_2017,F-C
201569_2017,G
201601_2017,F
201935_2017,G
101123_2017,G-F
203991_2017,C
1627778_2017,C
203900_2017,G
204028_2017,F-C
201583_2017,F
2403_2017,C-F
1628979_2018,G
202697_2018,G
1629185_2018,G
101108_2018,G
1627863_2018,F-G
1629109_2018,F
201569_2018,G
1629053_2018,F
201935_2018,G
101123_2018,G-F
203991_2018,C
200782_2018,F
1626187_2018,G
203085_2018,G
202702_2018,F-C
2403_2018,C-F
1628392_2018,F-C
201566_2019,G
1628021_2019,G-F
1629598_2019,G
1627863_2019,F-G
203998_2019,F
201960_2019,F
201569_2019,G
201601_2019,F
201935_2019,G
203463_2019,G
200782_2019,F
200757_2019,F-G
2199_2019,C
1626187_2019,G
203085_2019,G
201145_2019,F
203496_2019,F
1629739_2019,F-G
1628391_2020,F
1628425_2020,G-F
202322_2020,G
1628021_2020,G-F
1629645_2020,G-F
1627863_2020,F-G
203957_2020,G
1630231_2020,F
1629717_2020,G
1630256_2020,F
202340_2020,G
201569_2020,G
1629017_2020,G
201571_2020,G
1630237_2020,F
1626174_2020,F
203482_2020,F-C
1630224_2021,G
202322_2021,G
1628021_2021,G-F
1629645_2021,G-F
1630231_2021,F
1630256_2021,F
1630528_2021,G
201569_2021,G
1630227_2021,G
1630586_2021,F
203471_2021,G
1628981_2021,F-C
1630243_2021,G
1629726_2021,G
1630578_2021,C
1630237_2021,F
1626174_2021,F
1626161_2022,C
1631102_2022,G
1631095_2022,F
1629645_2022,G-F
201571_2022,G
1630224_2022,G
1630620_2022,F
1630231_2022,F
1630256_2022,F
1630528_2022,G
1631309_2022,G
1630227_2022,G
1630586_2022,F
1631106_2022,F
1630578_2022,C
1626163_2022,F-C
1626246_2022,C
1628988_2023,G
1631257_2023,F
1641708_2023,G-F
1629111_2023,C
1630224_2023,G
1627832_2023,G
1641715_2023,F
1630256_2023,F
1628415_2023,G-F
1631095_2023,F
203500_2023,C
1630207_2023,G-F
1631106_2023,F
1631466_2023,G
203493_2023,G-F
1630578_2023,C
201145_2023,F
1626246_2023,C
1628988_2024,G
1641708_2024,G-F
1629111_2024,C
1642368_2024,C
1630224_2024,G
1627832_2024,G
1641715_2024,F
1630256_2024,F
1628415_2024,G-F
1631095_2024,F
203500_2024,C
1642263_2024,G
1631106_2024,F
1631466_2024,G
1630578_2024,C
201145_2024,F
1631223_2024,F
1629098_2024,G-F
1628988_2025,G
1641708_2025,G-F
1627827_2025,F
1631120_2025,G
1627832_2025,G
201142_2025,F
1630256_2025,F
1631095_2025,F
203500_2025,C
1641803_2025,G
1642263_2025,G
1631106_2025,F
1629006_2025,G
1642384_2025,F
1630578_2025,C
203991_2025,C
201145_2025,F
1627754_2016,C
101109_2016,G
101108_2016,G
200755_2016,G
201578_2016,F-C
201599_2016,C
101187_2016,F-G
1627744_2016,F
2037_2016,G
201601_2016,F
203085_2016,G
101138_2016,F
201933_2016,F
202325_2016,F
1718_2016,F
1628414_2017,G
1628393_2017,G
1628462_2017,G
1626149_2017,F-C
201599_2017,C
1626155_2017,F
201568_2017,F
203710_2017,F-G
202340_2017,G
1627820_2017,G
201976_2017,G
101150_2017,G
203085_2017,G
202325_2017,F-G
202699_2017,F
1626246_2017,C
1628414_2018,G
1628983_2018,G
203210_2018,F
1626149_2018,F-C
201568_2018,F
1627820_2018,G
1629010_2018,G
1628405_2018,F
202066_2018,G-F
203585_2018,F-G
1629013_2018,G
201976_2018,G
201163_2018,F
101150_2018,G
1629116_2018,C
1627826_2018,C
202704_2019,G
202695_2019,F
203210_2019,F-C
1626149_2019,F-C
1629599_2019,G-F
202331_2019,F
1629611_2019,G-F
1628405_2019,F
203585_2019,G
1629013_2019,G
201976_2019,G
101150_2019,G
1629662_2019,F-C
202694_2019,F
1627826_2019,C
202335_2019,F
201149_2019,F-C
1630206_2020,G
202704_2020,G
202695_2020,F
200765_2020,G
1628379_2020,G
1629599_2020,G-F
202694_2020,F
201586_2020,F
1630187_2020,C
1627812_2020,G
202331_2020,F
1629611_2020,G-F
202326_2020,C
201976_2020,G
201587_2020,G-F
1627826_2020,C
202335_2020,F
1630206_2021,G
202704_2021,G
202695_2021,F
1630527_2021,G
1628379_2021,G
1629599_2021,G-F
202694_2021,F
202331_2021,F
1629611_2021,G-F
1629875_2021,G
1630554_2021,G
203918_2021,G-F
203496_2021,F
1626181_2021,G
201587_2021,G-F
1627826_2021,C
1628392_2021,C-F
201566_2022,G
202695_2022,F
1630527_2022,G
1630538_2022,G
1629599_2022,G-F
202694_2022,F
201569_2022,G
202331_2022,F
1629611_2022,G-F
1629875_2022,G
1630554_2022,G
203496_2022,F
1626181_2022,G
1631217_2022,F
201587_2022,G-F
1627826_2022,C
203486_2022,F-C
201566_2023,G
201935_2023,G
202695_2023,F
1630527_2023,G
1630538_2023,G
1629599_2023,G-F
1628464_2023,F-C
1641757_2023,G
202331_2023,F
1629611_2023,G-F
200782_2023,F
1641738_2023,F
1629875_2023,G
1630539_2023,C-F
1626181_2023,G
1631217_2023,F
1627826_2023,C
203486_2023,F-C
201935_2024,G
202695_2024,F
1641754_2024,G-F
1629599_2024,G-F
1627739_2024,G
1642280_2024,F
203992_2024,G
1641757_2024,G
1642353_2024,G
1629234_2024,F-C
1641738_2024,F
1631116_2024,F
1626181_2024,G
1627732_2024,G-F
201587_2024,G-F
1627826_2024,C
1627884_2024,F
201988_2024,G
1641807_2025,F
1642951_2025,G
203078_2025,G
202695_2025,F
1642920_2025,G
1627884_2025,F
203992_2025,G
1627739_2025,G
1631097_2025,G-F
1629636_2025,G
201572_2025,C
1642353_2025,G
1631102_2025,G
1642949_2025,C
1628381_2025,F-C
1641757_2025,G
1630543_2025,F
201587_2025,G-F
201156_2016,G-F
1626156_2016,G
201147_2016,F
203903_2016,G
1626204_2016,F
2736_2016,F
1628021_2016,G
203898_2016,G
1627742_2016,F
203080_2016,F
202389_2016,C
204028_2016,C-F
203944_2016,F
1897_2016,F
1627826_2016,C
1628398_2017,F
203484_2017,G
1628366_2017,G
202738_2017,G
1627936_2017,G
1628404_2017,G
2736_2017,F
203898_2017,G
201572_2017,C
101112_2017,F
1627742_2017,F-G
201281_2017,G
204037_2017,F
1627780_2017,G
203944_2017,F-C
1628418_2017,C
1627826_2017,C
1628398_2018,F
203484_2018,G
1628366_2018,G
1628404_2018,G
1627936_2018,G
2199_2018,C
202362_2018,G
201580_2018,C
200765_2018,G
1629203_2018,F
1627742_2018,F
1629021_2018,C
1629067_2018,G
1629140_2018,F
2544_2018,F
203488_2018,F-C
203493_2018,G-F
1628398_2019,F
203484_2019,G
203076_2019,F-C
1627936_2019,G
1629659_2019,G
201580_2019,C-F
200765_2019,G
201162_2019,F
202340_2019,G
1629719_2019,F
201980_2019,G
203079_2019,G
2747_2019,G
2544_2019,F
1626188_2019,G
1628961_2019,F
2730_2019,C-F
202693_2019,F
1628398_2020,F
203484_2020,G
203083_2020,C
203076_2020,F-C
1627936_2020,G
1629659_2020,G
2544_2020,F
203463_2020,G
202083_2020,G
201162_2020,F
1629719_2020,F
201188_2020,C
1626149_2020,F-C
203471_2020,G
1628035_2020,F
1628961_2020,F
202693_2020,F
201566_2021,G
201961_2021,G
203076_2021,F-C
201571_2021,G
1629659_2021,G
2544_2021,F
2546_2021,F
203145_2021,G-F
1628370_2021,G
1629134_2021,G
1626169_2021,F-G
1630559_2021,G
202340_2021,G
1629117_2021,F
1630644_2021,G
2730_2021,C-F
1630222_2021,G
1627885_2022,G
1626156_2022,G
1629020_2022,F
203076_2022,F-C
1629022_2022,G-F
1627736_2022,G
2544_2022,F
1628972_2022,G-F
202684_2022,C-F
1631108_2022,G
1628964_2022,C
1630590_2022,G
1630559_2022,G
203471_2022,G
1631306_2022,F
1629060_2022,F
1629117_2022,F
1641720_2023,G
1626156_2023,G
1629020_2023,F
203076_2023,F-C
1630219_2023,G
1629629_2023,F-G
1629216_2023,G
1631108_2023,G
1629637_2023,C-F
1627752_2023,F
1630658_2023,C
1630559_2023,G
1628385_2023,F-C
1641721_2023,F
2544_2023,F
203915_2023,G
1629060_2023,F
1626174_2023,F
1629020_2024,F
1642261_2024,F
1629216_2024,G
1642355_2024,G
1631132_2024,C
1629637_2024,C-F
1628467_2024,F
1630559_2024,G
1627827_2024,F
1629003_2024,G
2544_2024,F
203458_2024,C
1629060_2024,F
1630692_2024,G
1641998_2024,C
1629029_2024,F-G
202693_2024,F
1642876_2025,G
1629020_2025,F
1642261_2025,F
1629028_2025,C
1642355_2025,G
1628379_2025,G
1629637_2025,C-F
1631222_2025,F
1628467_2025,F
1630559_2025,G
1631166_2025,F
1641733_2025,G
2544_2025,F
1629060_2025,F
1643024_2025,G
203935_2025,G
1629029_2025,F-G
1626196_2016,G
2547_2016,F
201961_2016,G
201177_2016,F
202337_2016,F
201609_2016,G
204020_2016,G
203079_2016,G
1627855_2016,F
201949_2016,F
203585_2016,G
1626159_2016,F
202355_2016,C
203186_2016,F-C
2617_2016,F
1626196_2017,F
201961_2017,G
2548_2017,G
1627884_2017,F-G
201609_2017,G
204020_2017,G
203482_2017,F-C
203079_2017,G
1628389_2017,C-F
1628476_2017,G
201949_2017,F
203585_2017,G-F
1626159_2017,F-G
202355_2017,C
202337_2017,F
1626175_2017,C-F
2617_2017,F
1626196_2018,G-F
1628999_2018,F
1629134_2018,G
2548_2018,G
1627884_2018,F-G
201609_2018,G
203482_2018,F
203079_2018,G
1628389_2018,C-F
201949_2018,F
1626159_2018,F-G
202355_2018,C
201583_2018,F
2617_2018,F
1629130_2018,F
203086_2019,F-C
1629216_2019,G
1629644_2019,F-G
1627884_2019,F
201609_2019,G
203482_2019,F-C
1628389_2019,C-F
1629639_2019,G
1629734_2019,F-C
202710_2019,F
1629134_2019,G
2738_2019,G-F
1629735_2019,F
2617_2019,F
203524_2019,F
1629130_2019,F
203109_2019,F
1629216_2020,G
203506_2020,G
1630173_2020,F
201609_2020,G
2772_2020,F
1629644_2020,F-G
1628389_2020,C-F
1629639_2020,G
203473_2020,C
202710_2020,F
1629134_2020,G
2738_2020,G-F
1629622_2020,G-F
2617_2020,F
1629130_2020,F
202357_2020,F
1630209_2020,C
1629216_2021,G
203506_2021,G
200768_2021,G
202693_2021,F
1628539_2021,G
1628389_2021,C-F
1629639_2021,G
1630606_2021,G
1628997_2021,F
200782_2021,F
203473_2021,C
202710_2021,F
1629312_2021,F
1629622_2021,G-F
2617_2021,F
1629130_2021,F
1630209_2021,C
201567_2022,F-C
1629216_2022,G
203506_2022,G
1631107_2022,F
200768_2022,G
1631288_2022,F
1628389_2022,C-F
1629639_2022,G
1628997_2022,F
202710_2022,F
1629312_2022,F
1631115_2022,C
1629622_2022,G-F
2617_2022,F
203469_2022,F-C
1629130_2022,F
1630209_2022,C
1626196_2023,G
1626179_2023,G
1626153_2023,G
1631107_2023,F
201988_2023,G
1631288_2023,F
1631170_2023,G
1628389_2023,C-F
1629639_2023,G
1631214_2023,G
1628997_2023,F
1631306_2023,F
202710_2023,F
1629312_2023,F
1631115_2023,C
1628418_2023,C-F
201567_2023,F-C
1629130_2023,F
1641815_2024,G
1626179_2024,G
1631107_2024,F
1642276_2024,C
1630528_2024,G
1641796_2024,G
1631170_2024,G
1630696_2024,G
1628389_2024,C-F
1629639_2024,G
1642352_2024,F
202692_2024,G
203937_2024,F-G
203952_2024,F
1629312_2024,F
201567_2024,F-C
1630558_2024,G
1629130_2024,F
1631323_2025,F
1631211_2025,G
1631107_2025,F
1642276_2025,C
1641796_2025,G
1631170_2025,G
1630696_2025,G
1628389_2025,C-F
1629639_2025,G
1642066_2025,F
1642352_2025,F
1642443_2025,G
203952_2025,F
1626181_2025,G
1642857_2025,G
1630558_2025,G
1642884_2025,C
201150_2016,F-C
1627780_2016,G
1891_2016,G
1627748_2016,F-C
203521_2016,G
201563_2016,F
203953_2016,F
1627763_2016,G
202328_2016,C
1626173_2016,G
203503_2016,G-F
203114_2016,G-F
203089_2016,C-F
203507_2016,F-G
203141_2016,F
204098_2017,G
1891_2017,G
1628391_2017,F
202339_2017,G
1627748_2017,C-F
203521_2017,G
201943_2017,G
203953_2017,F
1627763_2017,G
203498_2017,G-F
203503_2017,G
203114_2017,F
1628425_2017,G
203089_2017,C
203507_2017,F
1627850_2017,C
203092_2017,C
201588_2018,G
1628391_2018,F
202339_2018,G
1628978_2018,G
201572_2018,C
204025_2018,G
1627763_2018,G
2200_2018,C-F
203503_2018,G
203114_2018,F
1628425_2018,G
1626192_2018,G
203507_2018,F
202703_2018,F
1629045_2018,F
101141_2018,F
1628978_2019,G
201588_2019,G
1628391_2019,F
202339_2019,G
101141_2019,F
202083_2019,G
201572_2019,C
1629244_2019,G-F
1628412_2019,G
101107_2019,F
203114_2019,F
1628425_2019,G-F
1626192_2019,G
2594_2019,G-F
203507_2019,F
201577_2019,C
203648_2019,F
1628978_2020,G
1629091_2020,G
201952_2020,G
1627854_2020,G
1626171_2020,F
201572_2020,C
1629670_2020,F
1630241_2020,G
200782_2020,F
201950_2020,G
203114_2020,F
1626192_2020,G
1629603_2020,F
203507_2020,F
203648_2020,F
1628382_2020,F
1626253_2020,G-F
201588_2021,G
1628975_2021,G
1630492_2021,G
1628960_2021,G
1626171_2021,F
201572_2021,C
1629670_2021,F
201950_2021,G
203114_2021,F
202083_2021,G
1626192_2021,G
201586_2021,F
1629623_2021,G
203507_2021,F
203648_2021,F
1630572_2021,F-C
1629730_2021,G
1630699_2022,F
203086_2022,F-C
1628975_2022,G
204060_2022,F-G
1626171_2022,F
201572_2022,C
1628960_2022,G
1631260_2022,G
201950_2022,G
203114_2022,F
202083_2022,G
1626192_2022,G
1629623_2022,G
201609_2022,G
203507_2022,F
203648_2022,F
203109_2022,F
1641945_2023,F
203081_2023,G
1630699_2023,F
1627736_2023,G
1641753_2023,F
1626171_2023,F
201572_2023,C
201568_2023,F
1631260_2023,G
201976_2023,G
203114_2023,F
1631102_2023,G
1626192_2023,G
203507_2023,F
203648_2023,F
1641748_2023,G
1631157_2023,G
203109_2023,F
203081_2024,G
1630579_2024,C
1629645_2024,G-F
1629018_2024,G
1641753_2024,F
1626171_2024,F
201572_2024,C
1627752_2024,F
1631157_2024,G
1631123_2024,G
1630649_2024,G
1628398_2024,F
1631260_2024,G
1641890_2024,F
1626192_2024,G
203507_2024,F
1631250_2024,F
1641748_2024,G
1630579_2025,C
1626167_2025,C-F
1629018_2025,G
1629645_2025,G-F
1626171_2025,F
203914_2025,G
1627752_2025,F
1631157_2025,G
1628398_2025,F
1631260_2025,G
1631172_2025,F
1630828_2025,F
1642504_2025,G
203507_2025,F
1631250_2025,F
203648_2025,F
1641748_2025,G
1626145_2016,G
1627739_2016,G
201575_2016,G-F
203476_2016,F-C
203897_2016,G
201937_2016,G
201593_2016,C
203498_2016,F
201956_2016,F
203952_2016,F
201941_2016,F-C
1626157_2016,C
203940_2016,F
202332_2016,C
202357_2016,F
201952_2017,G
1626145_2017,G
1626148_2017,F-G
203476_2017,C
202357_2017,F
1628518_2017,F
2037_2017,G
1627875_2017,G
203952_2017,F
202710_2017,G
1628383_2017,C
201565_2017,G
201166_2017,G
1626157_2017,C
202332_2017,C
201959_2017,F
201952_2018,G
1626145_2018,G
1629123_2018,G
203476_2018,C
201573_2018,G
2736_2018,F
203710_2018,G
1629244_2018,G
1629006_2018,G
203952_2018,F-G
201565_2018,G
1628966_2018,F
1626157_2018,C
203496_2018,F
203967_2018,F
201229_2018,F
1628249_2018,F-G
201959_2018,F
1626156_2019,G
202323_2019,G-F
1629020_2019,F
1629669_2019,G
1627736_2019,G
1629162_2019,G
1627774_2019,F
1629675_2019,C-F
1628980_2019,G-F
1629016_2019,F
201949_2019,F
1629006_2019,G
1629633_2019,G-F
1629103_2019,F
1626157_2019,C-F
1627823_2019,F
1626156_2020,G
1630162_2020,G
1630183_2020,F
1629669_2020,G
1627736_2020,G
1629162_2020,G
1629020_2020,F
201937_2020,G
1627774_2020,F
1629675_2020,C-F
202334_2020,C-F
1629006_2020,G
1629633_2020,G-F
1626157_2020,C-F
1627823_2020,F
1626156_2021,G
1630162_2021,G
1630183_2021,F
1629669_2021,G
1627736_2021,G
1629162_2021,G
1629020_2021,F
1630195_2021,F
1627774_2021,F
1629675_2021,C-F
1627752_2021,F
1630233_2021,F-C
202328_2021,F-C
1629006_2021,G
201976_2021,G
1630593_2021,G
1626157_2021,C-F
1630162_2022,G
1630183_2022,F
1629669_2022,G
203937_2022,F-G
1629162_2022,G
1631111_2022,G
1631169_2022,F
1629638_2022,G
201144_2022,G
1629675_2022,C-F
1627752_2022,F
1630233_2022,F-C
203085_2022,G
203497_2022,C
1626157_2022,C-F
1630346_2022,F
1630568_2022,C
1641740_2023,G
203937_2023,F-G
1630183_2023,F
1630162_2023,G
1629162_2023,G
1631111_2023,G
1631169_2023,F
1629638_2023,G
201144_2023,G
1629675_2023,C-F
1630227_2023,G
1628420_2023,G
203933_2023,F
203497_2023,C
1626157_2023,C-F
1631159_2023,F
1630568_2023,C
1628978_2024,G
1630545_2024,G-F
1630183_2024,F
1642265_2024,G
1630162_2024,G
204060_2024,F-G
1631169_2024,F
1629638_2024,G
201144_2024,G
1629675_2024,C-F
1641803_2024,G
1642399_2024,C
1641740_2024,G
203497_2024,C
203944_2024,F-C
1631159_2024,F
1630568_2024,C
1630538_2024,G
1628978_2025,G
1630545_2025,G-F
1630183_2025,F
1641763_2025,F
1630162_2025,G
204060_2025,F-G
1630538_2025,G
201144_2025,G
1629675_2025,C-F
203937_2025,F-G
1630245_2025,G
1642389_2025,G
1642866_2025,F
1641740_2025,G
1642402_2025,F
203497_2025,C
203944_2025,F-C
1642911_2025,C
200751_2016,G
203930_2016,G
202391_2016,G
203915_2016,G
203462_2016,G
201572_2016,C
203925_2016,F-G
203112_2016,F
203909_2016,G-F
1627785_2016,G
1627747_2016,G-F
1626178_2016,F
202344_2016,F
203120_2016,C
203094_2016,F
1627821_2017,F
1626156_2017,G
203917_2017,G
1626143_2017,C
202391_2017,G
203915_2017,G
201960_2017,F
203925_2017,F-G
203112_2017,F
1628495_2017,G
1627785_2017,G
202389_2017,C
1627747_2017,G-F
1626178_2017,F
1628386_2017,C
203459_2017,G-F
201967_2017,F
1629066_2018,F
1626156_2018,G
201162_2018,F
203915_2018,G
201960_2018,F
1629033_2018,G-F
203925_2018,F-G
203894_2018,G
1626210_2018,F-C
202334_2018,C
1626203_2018,F
1627747_2018,G
1626178_2018,F
1629058_2018,G-F
1628386_2018,C
203459_2018,G-F
1629066_2019,F
1629725_2019,G
2037_2019,G
1627752_2019,F
1629185_2019,G
201599_2019,C
201142_2019,F
204020_2019,G
1627789_2019,G-F
1626147_2019,F-G
202681_2019,G
203925_2019,G-F
1629058_2019,G-F
202066_2019,G-F
201163_2019,F
1627747_2019,G
203915_2019,G
1628386_2019,C
1629651_2019,F-C
202498_2019,F
1629743_2019,F
1629617_2020,F-C
1628971_2020,G-F
201933_2020,F
1629185_2020,G
201599_2020,C
201142_2020,F
201145_2020,F
1627789_2020,G-F
204020_2020,G
202681_2020,G
203925_2020,G-F
201935_2020,G
1629013_2020,G
1628993_2020,F
203915_2020,G
1629651_2020,F-C
1628455_2020,G
203083_2021,C
1628971_2021,G-F
201933_2021,F
1630561_2021,G
201142_2021,F
201988_2021,G
201609_2021,G
1627732_2021,G-F
202681_2021,G
203925_2021,G-F
1630556_2021,F
1630549_2021,F
200746_2021,C-F
1630560_2021,G
203552_2021,G
1629651_2021,F-C
1626220_2022,F
1630564_2022,F
1628969_2022,G-F
1629661_2022,F
1628410_2022,G
1630561_2022,G
201988_2022,G
1630696_2022,G
1627732_2022,G-F
203925_2022,G-F
1629139_2022,G-F
1630549_2022,C
1630560_2022,G
203915_2022,G
1627827_2022,F
203552_2022,G
1629651_2022,C
1641727_2023,F
1628969_2023,G-F
1629661_2023,F
1628372_2023,G
1629022_2023,G-F
1630570_2023,F
1627732_2023,G-F
1628966_2023,F
1631367_2023,G
1641798_2023,G
203471_2023,G
1630549_2023,C
1641730_2023,F
1630592_2023,F
1630560_2023,G
1627827_2023,F
1629651_2023,C
1630553_2023,G
1641727_2024,G-F
1626156_2024,G
1629661_2024,F
1641736_2024,G
1630533_2024,F
1630570_2024,G-F
1630623_2024,G
1641787_2024,F
1631213_2024,F
1629001_2024,G
1630549_2024,C
1641730_2024,F-C
1630592_2024,F
1630560_2024,G
1631166_2024,F
1641721_2024,F
1629651_2024,C
1630553_2024,G
1631169_2025,F
1630533_2025,F
1642874_2025,F
1642962_2025,G-F
1642856_2025,G
1630604_2025,F
1630623_2025,G
1629611_2025,G-F
1629008_2025,F
1641869_2025,G
1630549_2025,C
1641730_2025,F-C
1630592_2025,F
1630534_2025,G
1643052_2025,G-F
1629651_2025,C
1642879_2025,G
1642849_2025,G
1626254_2016,F
1626184_2016,G
201584_2016,G
204001_2016,F
2546_2016,F
203200_2016,G
203124_2016,C-F
201149_2016,C
1626195_2016,C
2756_2016,G
201565_2016,G
1627758_2016,G
1627850_2016,C
202498_2016,F
1627851_2016,F
202683_2017,C
1627786_2017,F
1626144_2017,G
1628436_2017,F-C
203501_2017,F-G
1628439_2017,F
201584_2017,G
204001_2017,F-C
201563_2017,F
203124_2017,C-F
1628373_2017,G
201149_2017,C
1628422_2017,G
203504_2017,G
1627758_2017,G
202498_2017,F
101127_2017,G
1628443_2018,G
1626144_2018,G
1628436_2018,F-C
1628656_2018,G-F
1628439_2018,F
1628372_2018,G
201599_2018,C
1626209_2018,F
1628373_2018,G
1627740_2018,F
1629019_2018,G
1628995_2018,F
1628422_2018,G
1629011_2018,C
203098_2018,G
203943_2018,F
202498_2018,F
1626171_2019,F
1629033_2019,G-F
201961_2019,G
203090_2019,F-G
1628372_2019,G
203901_2019,G
1629628_2019,F-G
1628373_2019,G
1629607_2019,G
1629649_2019,F
1628995_2019,F
1628422_2019,G
1629011_2019,C-F
203493_2019,G-F
203944_2019,F-C
1629624_2019,F
201959_2019,F
1630492_2020,G
1629607_2020,G
1630167_2020,F
203457_2020,C-F
201565_2020,G
1630193_2020,G
203901_2020,G
1629628_2020,F-G
1628373_2020,G
203658_2020,C
202692_2020,G
1628995_2020,F
1629033_2020,G-F
1629011_2020,C-F
203493_2020,G-F
203944_2020,F-C
201959_2020,F
1630167_2021,F
1630540_2021,G
203457_2021,C-F
201565_2021,G
1630193_2021,G
1629656_2021,G
202689_2021,G
1629628_2021,F-G
1630624_2021,F
203095_2021,G-F
202692_2021,G
1629629_2021,F-G
1629011_2021,C-F
203944_2021,F-C
1630579_2021,C
1627853_2021,G
201959_2021,F
1630167_2022,F
1630540_2022,G
1628404_2022,G
1631211_2022,G
201565_2022,G
1630613_2022,G
1630193_2022,G
1629656_2022,G
1629610_2022,G-F
1629628_2022,F-G
1628973_2022,G
203095_2022,G-F
1629676_2022,F
1629011_2022,C-F
203944_2022,F-C
1630579_2022,C
1628392_2022,C-F
1628978_2023,G
1631210_2023,F
1630613_2023,G
1630540_2023,G
1628404_2023,G
1629718_2023,G
1630173_2023,F
1628384_2023,F-G
1629610_2023,G-F
1628973_2023,G
1629003_2023,G-F
202692_2023,G
1629603_2023,F
1629011_2023,C-F
203944_2023,F-C
202711_2023,F
1630579_2023,C
1628392_2023,C-F
200782_2024,F
1626153_2024,G
1630699_2024,F
1626166_2024,G
1630540_2024,G
1628404_2024,G
1642359_2024,F
1630173_2024,F
1628384_2024,F-G
1641755_2024,G
1628973_2024,G
1642278_2024,G
1629011_2024,C-F
1628969_2024,G-F
1641817_2024,F
1626157_2024,C-F
1629013_2024,G
1630574_2024,C
203903_2025,G
1630540_2025,G
1628404_2025,G
1642359_2025,F
1630631_2025,G
1628384_2025,F-G
1641755_2025,G
1628973_2025,G
1642278_2025,G
1631110_2025,F
1629011_2025,C-F
1628969_2025,G-F
1626157_2025,C-F
1641794_2025,F
1629013_2025,G
1641998_2025,C
1642885_2025,F
1630574_2025,C
203932_2016,F
204014_2016,F
203901_2016,G
1626209_2016,G-F
202696_2016,C
203095_2016,G
202687_2016,C-F
1627875_2016,G
201571_2016,G
201975_2016,G
1627868_2016,G-F
203082_2016,F
201228_2016,G
1627757_2016,C
201145_2016,F
203932_2017,F
1628503_2017,G
1628371_2017,F
201167_2017,G
201578_2017,F-C
1626209_2017,F-G
202696_2017,C
203095_2017,G-F
202687_2017,C
201571_2017,G
1628681_2017,G
203613_2017,F
203920_2017,C
1628411_2017,F
203082_2017,G-F
203932_2018,F
1628371_2018,F
1626185_2018,F
1628505_2018,G
1628964_2018,C
203487_2018,G
202696_2018,C
203095_2018,G-F
1628518_2018,F
201571_2018,G
1628365_2018,G
202389_2018,C
1626170_2018,G
203920_2018,C
1628411_2018,F
203082_2018,G-F
1628982_2018,G-F
203932_2019,F
1628371_2019,F
202329_2019,F
1628964_2019,C
203487_2019,G
202696_2019,C
203095_2019,G-F
203516_2019,F
1629109_2019,F
1629168_2019,F
201571_2019,G
1628365_2019,G
1629724_2019,F
203920_2019,C
1628411_2019,F
203082_2019,G-F
1628982_2019,G-F
1628371_2020,F
1629643_2020,F
1628964_2020,C
203487_2020,G
1628407_2020,G-F
203516_2020,F
1630181_2020,G
203914_2020,G
1628414_2020,G
1629649_2020,F
1628365_2020,G
1629021_2020,F-C
203490_2020,F
1626184_2020,G
203082_2020,G-F
1628976_2020,C-F
1630175_2020,G
1628371_2021,F
1629643_2021,F
1630591_2021,G
1628964_2021,C
1629626_2021,C-F
1630181_2021,G
203914_2021,G
1629649_2021,F
1628365_2021,G
1629021_2021,F-C
1630532_2021,F
1629678_2021,F
1629962_2021,G
203082_2021,G-F
201577_2021,C
1628976_2021,C-F
1630175_2021,G
1628371_2022,F
1631216_2022,G
1629643_2022,F
1630591_2022,G
1631094_2022,F
1630284_2022,G
1629626_2022,C-F
203487_2022,G
203914_2022,G
1628365_2022,G
1629021_2022,F-C
1630532_2022,F
1629678_2022,F
1628976_2022,C-F
1630175_2022,G
1629048_2022,C-F
1641710_2023,G
1628371_2023,F
1631216_2023,G
1629643_2023,F
1630591_2023,G
1631094_2023,F
204060_2023,F-G
1630284_2023,G
1630243_2023,G
1641724_2023,G
203914_2023,G
1628365_2023,G
1629021_2023,F-C
1630532_2023,F
1629678_2023,F
1628976_2023,C-F
1629048_2023,C-F
1630175_2023,G
1641710_2024,G
1628371_2024,F
1631216_2024,G
1630217_2024,G
1630591_2024,G
1631094_2024,F
1630644_2024,G
202709_2024,G
1630243_2024,G
1641724_2024,G
203914_2024,G
1629021_2024,F-C
1630532_2024,F
1641783_2024,F
1628976_2024,C-F
1629048_2024,C-F
1630679_2024,G
1631457_2025,G
1641710_2025,G
1628371_2025,F
1628975_2025,G
1630217_2025,G
1630591_2025,G
1631094_2025,F
1631288_2025,F
1642859_2025,G
1641724_2025,G
1630658_2025,C
1629021_2025,F-C
1630532_2025,F
1641783_2025,F
1628976_2025,C-F
1629048_2025,C-F
1642869_2025,G-F
101139_2016,F-G
201166_2016,G
202338_2016,F-C
1626202_2016,G
202730_2016,F-C
202362_2016,G
2744_2016,C
101145_2016,G
202331_2016,F
201152_2016,F
1626176_2016,F
1627777_2016,F
1626167_2016,C
203922_2016,G-F
201952_2016,G
1627816_2017,F
202362_2017,G
201954_2017,G
1626202_2017,G
203506_2017,G
1628410_2017,G
202709_2017,G
1627734_2017,C-F
1628387_2017,C-F
202344_2017,F
201152_2017,F
1628388_2017,F
2744_2017,C
1628500_2017,F
1626167_2017,C
203922_2017,G-F
202711_2017,F-G
201954_2018,G
1628988_2018,G
203506_2018,G
1628410_2018,G
202709_2018,G
203124_2018,C
1627734_2018,F
203926_2018,F
201152_2018,F
1628388_2018,F
202083_2018,G-F
1628993_2018,F
1628432_2018,G
1626167_2018,C-F
202711_2018,F
203933_2019,F
1628988_2019,G
203506_2019,G
1628410_2019,G
1627763_2019,G
203200_2019,F-G
204456_2019,G
1628968_2019,F-G
1627734_2019,F-C
203960_2019,F
1628513_2019,G
203926_2019,F
1628388_2019,F
1628993_2019,F
203087_2019,G-F
1626167_2019,C-F
1629048_2019,C-F
203933_2020,F
1630199_2020,G
1628988_2020,G
1628410_2020,G
1627763_2020,G
203200_2020,F-G
204456_2020,G
1627734_2020,F-C
1629052_2020,F-G
203960_2020,F
203926_2020,F
1629103_2020,F
1627747_2020,G
203087_2020,G-F
1626167_2020,C-F
1628578_2020,C
1629048_2020,C-F
1628221_2021,G
1630169_2021,G
203933_2021,F
1630537_2021,G
1630613_2021,G
202362_2021,F
1627763_2021,G
204456_2021,G
1629052_2021,F-G
1630207_2021,G-F
1630543_2021,F
1627741_2021,G
1630188_2021,F-C
1630678_2021,F
1626167_2021,C-F
1629048_2021,C-F
201937_2021,G
1630169_2022,G
1631097_2022,G-F
1629614_2022,G-F
1630537_2022,G
201588_2022,G
204456_2022,G
1631112_2022,G
1629052_2022,F-G
1629670_2022,F
201949_2022,F
1630543_2022,F
1630174_2022,G-F
1627741_2022,G
1630188_2022,F-C
1628464_2022,F-C
1628221_2022,G
1626167_2022,C-F
1630169_2023,G
1631097_2023,G-F
1630167_2023,F
1629614_2023,G-F
1641716_2023,F
204456_2023,G
1631112_2023,G
201949_2023,F
203926_2023,F
1631209_2023,G
1630543_2023,F
1630174_2023,G-F
1630188_2023,F-C
1641767_2023,G
1631245_2023,G
1626167_2023,C-F
1627783_2023,F
1631131_2023,F-C
1630169_2024,G
1631097_2024,G-F
1630167_2024,F
1629614_2024,G-F
1628418_2024,C-F
1641716_2024,F
1642402_2024,F
204456_2024,G
1642484_2024,G
1642277_2024,G
1628396_2024,C-F
201949_2024,F
1630543_2024,F
1630174_2024,G-F
1641767_2024,G
1631245_2024,G
1626167_2024,C-F
1627783_2024,F
1630169_2025,G
1630167_2025,F
1629614_2025,G-F
1643007_2025,G
1641716_2025,F
1642880_2025,G
204456_2025,G
1630695_2025,C
1642277_2025,G
1641771_2025,F
1630174_2025,G-F
1641738_2025,F
1641767_2025,G
1631245_2025,G
1630643_2025,C
1627826_2025,C
1627783_2025,F
1630679_2025,G
201573_2016,G
204456_2016,G
1627816_2016,F
1626143_2016,C
203967_2016,F
203917_2016,G
201945_2016,G
200771_2016,G
1627789_2016,G-F
203954_2016,C
1626158_2016,F
1626147_2016,G-F
1627732_2016,F
203496_2016,F
1627848_2016,F
201168_2016,C-F
201573_2017,G
1626147_2017,G-F
101161_2017,C-F
1627789_2017,G-F
203967_2017,F
1627743_2017,G
204456_2017,G
200755_2017,G-F
201158_2017,G-F
1628365_2017,G
203954_2017,C
1626158_2017,F-C
101141_2017,F
1627732_2017,G-F
1627788_2017,G-F
203496_2017,F
203118_2018,F
101161_2018,C-F
1629312_2018,F
1629015_2018,G
203516_2018,F
204456_2018,G
203613_2018,F
200755_2018,G
1629003_2018,G
203954_2018,F-C
202710_2018,G-F
1627732_2018,G-F
1627788_2018,G-F
202699_2018,F
1628413_2018,F
1626246_2018,C
202328_2018,C
1626196_2019,G
203118_2019,F
1629015_2019,G
203124_2019,C-F
202699_2019,F
203658_2019,F
1629003_2019,G-F
203526_2019,G
202692_2019,G
203954_2019,C-F
1629680_2019,G-F
1627732_2019,G-F
1627788_2019,G-F
1629621_2019,G-F
203922_2019,F
201143_2019,C-F
1629151_2019,G-F
1630178_2020,G
203118_2020,F
1630198_2020,G
1629730_2020,G
202699_2020,F
1629109_2020,F
201980_2020,G
1629003_2020,G-F
203954_2020,C-F
1629680_2020,G-F
1627732_2020,G-F
1627788_2020,G-F
203552_2020,G
201588_2020,G
2730_2020,C-F
201229_2020,F
1630194_2020,F
1630178_2021,G
201935_2021,G
1629619_2021,G
1630198_2021,G
200794_2021,F
201599_2021,C
1630531_2021,G
202699_2021,F
201980_2021,G
1629718_2021,G
1629003_2021,G-F
1627777_2021,F
203954_2021,C-F
1629680_2021,G-F
1629646_2021,C-F
1627788_2021,G-F
1630194_2021,F
1630178_2022,G
201935_2022,G
1626149_2022,F-C
1629667_2022,F-C
1629001_2022,G
1630644_2022,G
1630531_2022,G
202699_2022,F
203473_2022,C
200782_2022,F
1629003_2022,G-F
1627777_2022,F
203954_2022,C-F
1629663_2022,F
1627863_2022,F-G
1627788_2022,G-F
1630194_2022,F
1630178_2023,G
1630231_2023,F
1628964_2023,C
200768_2023,G
1629001_2023,G
1626162_2023,F-G
1630288_2023,G
202699_2023,F
1641741_2023,G
1627741_2023,G
203954_2023,C-F
1626166_2023,G
1631173_2023,G
203496_2023,F
201587_2023,G-F
1630194_2023,F
1630178_2024,G
203083_2024,C
1629656_2024,G
200768_2024,G
202331_2024,F
1626162_2024,F-G
1630288_2024,G
1630215_2024,G
1641741_2024,G
1629022_2024,G-F
1641720_2024,G
1642348_2024,F
1642272_2024,G
203954_2024,C-F
201569_2024,G
1627824_2024,F
1641737_2024,F
1642024_2024,F-C
1630178_2025,G
203083_2025,C
1629656_2025,G
200768_2025,G
202331_2025,F
1626162_2025,F-G
1642348_2025,F
1630570_2025,G-F
1631207_2025,F
1630699_2025,F
203954_2025,C-F
1641780_2025,F
1631213_2025,F
1631230_2025,F
1641737_2025,F
1631133_2025,F
1642845_2025,G
1627737_2016,F
1626164_2016,G
202339_2016,G
201162_2016,F
2199_2016,C
1627755_2016,G
1627884_2016,F
202688_2016,G
203933_2016,F
101179_2016,G
1626210_2016,F-C
2571_2016,G
203458_2016,C
202407_2016,G-F
1627733_2016,F
1627737_2017,F
1626164_2017,G
203901_2017,G
201162_2017,F
2199_2017,C
1627755_2017,G
1627885_2017,G
202688_2017,G
203933_2017,F
1626210_2017,F-C
1628367_2017,G-F
203458_2017,C
1627863_2017,F-G
1628409_2017,F
203584_2017,G
1628432_2017,G
1627733_2017,F
1626164_2018,G
1629059_2018,G
1626162_2018,F
1628994_2018,F
2037_2018,G
203933_2018,F
1629001_2018,G
204020_2018,G
1628367_2018,F
1626158_2018,F-C
1629028_2018,C
1628969_2018,F
1629034_2018,F
203584_2018,G
202690_2018,G
1627733_2018,F
1629665_2019,G
1626164_2019,G
1629059_2019,F-G
1626162_2019,F-G
1628975_2019,G
1626163_2019,F-C
1629660_2019,G-F
201937_2019,G
1627767_2019,F-C
1626166_2019,G
203967_2019,F
1629028_2019,C
1629661_2019,F
1628969_2019,F
1629745_2019,F
203382_2019,C-F
1630234_2020,G
1626164_2020,G
204038_2020,G
101108_2020,G
1628975_2020,G
1626163_2020,F-C
1630188_2020,F-C
1627846_2020,F
1628470_2020,F
1626166_2020,G
203967_2020,F-C
1629028_2020,C
1629661_2020,F
1628969_2020,F
202734_2020,G
203109_2020,F
201580_2021,C-F
1628470_2021,F
1626164_2021,G
203901_2021,G
101108_2021,G
1628988_2021,G
1630688_2021,F
1629013_2021,G
1626166_2021,G
202687_2021,C
1630994_2021,G
203967_2021,F-C
1629028_2021,C
1629661_2021,F
1628969_2021,F
203109_2021,F
1628470_2022,F
1626164_2022,G
1629006_2022,G
101108_2022,G
203082_2022,G-F
1627814_2022,G-F
1629111_2022,C
1630688_2022,F
1629013_2022,G
1626166_2022,G
202687_2022,C
203933_2022,F
1629028_2022,C
201142_2022,F
1630240_2022,G
1629647_2022,F
1626220_2023,F
1626164_2023,G
1629006_2023,G
203078_2023,G
202738_2023,G
1628960_2023,G
1627814_2023,G-F
1629626_2023,C-F
1630688_2023,F
1629234_2023,F-C
203994_2023,C
1631223_2023,F
201569_2023,G
1629642_2023,F-G
1628962_2023,C-F
201152_2023,F
201142_2023,F
1630240_2023,G
1626220_2024,F
1642346_2024,F
1626164_2024,G
1630208_2024,C
203078_2024,G
1642345_2024,F
1628960_2024,G
1627814_2024,G-F
1629626_2024,C-F
1631221_2024,G
1631102_2024,G
1641779_2024,F
1628998_2024,F
203995_2024,G
1626145_2024,G
203486_2024,F-C
1628420_2024,G
201142_2024,F
1626220_2025,F
1642346_2025,F
1626164_2025,G
1629599_2025,G-F
1628415_2025,G-F
1630224_2025,G
1629312_2025,F
1628960_2025,G
1642863_2025,C
1642345_2025,F
1631221_2025,G
1642886_2025,G
1631109_2025,C
1631123_2025,G
1630587_2025,F
1642853_2025,F
1643047_2025,F
1630692_2025,G
203081_2016,G
202323_2016,G-F
203468_2016,G
203090_2016,F
1626192_2016,G-F
203894_2016,G
202329_2016,F
1627774_2016,F
203086_2016,F-C
202334_2016,F
203943_2016,F
203459_2016,G
203994_2016,C
203105_2016,C
1627817_2016,G
203081_2017,G
202323_2017,F-G
1627735_2017,G
203468_2017,G
203090_2017,F
1626192_2017,G-F
203894_2017,G
202329_2017,F
1627774_2017,F
203086_2017,C
202334_2017,F-C
1627834_2017,C
203912_2017,G
203994_2017,C
1628380_2017,C-F
1628403_2017,F-C
202683_2018,C
203081_2018,G
202323_2018,G-F
203468_2018,G
203090_2018,F
203918_2018,G
202329_2018,F
1629018_2018,G
1627774_2018,F
203086_2018,F-C
1627746_2018,F
1629014_2018,G
203994_2018,C
203552_2018,G
1628380_2018,F-C
2546_2019,F
203081_2019,G
1629014_2019,G
1629018_2019,G-F
203468_2019,G
1629650_2019,C
203918_2019,G-F
1629658_2019,F
2772_2019,F
1629642_2019,F-G
1629121_2019,G
202355_2019,C
203994_2019,C
1628380_2019,F-C
1629117_2019,F
1626209_2019,F-G
1628403_2019,F
2546_2020,F
203081_2020,G
1629014_2020,G
1626178_2020,F
203468_2020,G
1628385_2020,F-C
1627884_2020,F
1629642_2020,F-G
202683_2020,C
1629604_2020,F-G
1628388_2020,F
1629833_2020,G
203496_2020,F
1626181_2020,G
203994_2020,C
1628380_2020,F-C
203081_2021,G
204060_2021,F-G
1629014_2021,G
1630570_2021,F
1630535_2021,F
202339_2021,G
1630553_2021,G
1630314_2021,G
1629642_2021,F-G
1628404_2021,G
1629604_2021,F-G
1630190_2021,G
1629833_2021,G
203463_2021,G
1626159_2021,F-G
203994_2021,C
1629712_2021,G
203081_2022,G
1629014_2022,G
1630570_2022,F
1629680_2022,G-F
1629629_2022,F-G
1630553_2022,G
203924_2022,F
1629642_2022,F-G
1628995_2022,F
1631101_2022,G
1631219_2022,F
1629234_2022,F-C
1626159_2022,F-G
203994_2022,C
1631133_2022,F
1630641_2022,C
1631466_2022,G
1630703_2023,G
1629014_2023,G
1629028_2023,C
1629680_2023,G-F
1630625_2023,F
1631200_2023,F
203924_2023,F
1629650_2023,C
1627763_2023,G
1631101_2023,G
1630204_2023,G-F
1631303_2023,F
1641871_2023,C
1641739_2023,F
1631133_2023,F
1629057_2023,C-F
1630641_2023,C
1641712_2023,G-F
1630703_2024,G
1629014_2024,G
1629028_2024,C
1629680_2024,G-F
1630625_2024,F
1630166_2024,F
203924_2024,F
1631303_2024,F
1631121_2024,G
1631101_2024,G
1641712_2024,G-F
1642270_2024,C
1631200_2024,F
1631321_2024,G
1641871_2024,C
1641739_2024,F
1631133_2024,F
1629057_2024,C-F
1643257_2025,F
1630703_2025,G
203081_2025,G
1631104_2025,G
1631126_2025,G
1642959_2025,G
1629680_2025,G-F
201950_2025,G
1630166_2025,F
203924_2025,F
1642905_2025,C
1631101_2025,G
1642270_2025,C
1631200_2025,F
1630249_2025,G
1641739_2025,F
1629057_2025,C-F
1631321_2025,G
1626161_2016,C
1627746_2016,F-C
1627781_2016,G
201954_2016,G
200752_2016,F
204038_2016,G
201951_2016,G
1627834_2016,C
202066_2016,G
203463_2016,G
1627741_2016,G
201936_2016,G-F
201167_2016,G
201585_2016,C
1626161_2017,C
1628368_2017,G
1627746_2017,F-C
203992_2017,G
202697_2017,G
1628412_2017,G
1713_2017,G-F
202066_2017,F-G
1628385_2017,F-C
203998_2017,F
1627741_2017,G
1628382_2017,F
203960_2017,F
1628502_2017,F
201585_2017,C
204022_2017,C-F
2216_2017,F
1626161_2018,C
1627812_2018,G
1628368_2018,G
203992_2018,G
1629168_2018,F
1628412_2018,G
202692_2018,G
1627786_2018,F
1628385_2018,F-C
1627741_2018,G
1629117_2018,F
201147_2018,G-F
1628963_2018,F
203084_2018,F
201585_2018,C
1628403_2018,F
202357_2018,F
1627812_2019,G
1628368_2019,G
1629657_2019,G
203992_2019,G
202709_2019,G
1629713_2019,G-F
201147_2019,G-F
1629610_2019,G-F
1628385_2019,F-C
1626158_2019,F
1627741_2019,G
203458_2019,C
203145_2019,G-F
203953_2019,F
1628963_2019,F
203084_2019,F
202357_2019,F
1630169_2020,G
1630186_2020,G
1628368_2020,G
1629657_2020,G
203090_2020,F-G
1629056_2020,G
1629713_2020,G-F
1630218_2020,F
1627745_2020,C
202355_2020,C
1626158_2020,F
1629663_2020,F
1627741_2020,G
1629002_2020,F-C
1628963_2020,F
203084_2020,F
1626153_2020,G
1628978_2021,G
1629056_2021,G
1628368_2021,G
1629002_2021,F-C
203090_2021,F-G
203200_2021,F-G
1627734_2021,F-C
1630558_2021,G
1626158_2021,F
203458_2021,C
203087_2021,G-F
1627745_2021,C
203084_2021,F
1626168_2021,F
1628367_2021,G-F
1629674_2021,C
1628370_2022,G
1629056_2022,G
1628368_2022,G
1629002_2022,F-C
203521_2022,G
1628989_2022,G-F
1627734_2022,F-C
1631099_2022,F
1630558_2022,G
1630556_2022,F
1626158_2022,F
1631165_2022,G
203458_2022,C
1628408_2022,G-F
203084_2022,F
1626168_2022,F
1629674_2022,C
201580_2023,C-F
1628370_2023,G
1630537_2023,G
1628368_2023,G
1628426_2023,F
1630222_2023,G
1628989_2023,G-F
1627734_2023,F-C
1631099_2023,F
1630558_2023,G
1630556_2023,F
1641771_2023,F
1641732_2023,G
1631165_2023,G
203458_2023,C
1630259_2023,G
203084_2023,F
1626168_2023,F
1628370_2024,G
1629056_2024,G
1642403_2024,F
203926_2024,F
203897_2024,G
201942_2024,G-F
1627734_2024,F-C
1631099_2024,F
1630222_2024,G
202685_2024,C
1628365_2024,G
1642269_2024,G
1631165_2024,G
1642384_2024,F
1631222_2024,F
1626168_2024,F
203109_2024,F
1628370_2025,G
1642363_2025,G
1630165_2025,G
203926_2025,F
203897_2025,G
1630173_2025,F
201942_2025,G-F
1627734_2025,F-C
1631099_2025,F
1629631_2025,F-G
201566_2025,G
1629234_2025,F-C
1642269_2025,G
1631116_2025,F
1641815_2025,G
1631342_2025,G-F
1642928_2025,C
1642875_2025,C
203937_2016,G-F
202695_2016,F
203473_2016,C
1627749_2016,G
201988_2016,G
2225_2016,G
101135_2016,F-C
1627854_2016,G
200746_2016,F
201980_2016,G-F
2200_2016,C
203613_2016,G-F
1938_2016,G
201202_2016,C
202722_2016,F
203937_2017,F
202695_2017,F
203464_2017,G
1628401_2017,G
1627749_2017,G
201988_2017,G
2225_2017,G
1627856_2017,F-C
1627854_2017,G
200746_2017,F
201980_2017,G-F
2200_2017,C
1938_2017,G
200752_2017,F
1626199_2017,G
202722_2017,C-F
203530_2017,C
1629022_2018,G
202347_2018,F
1628401_2018,G
1627749_2018,G
1629002_2018,F
201988_2018,G
201942_2018,G
1627854_2018,G
200746_2018,C-F
1629234_2018,F
201158_2018,G-F
200752_2018,F
1627751_2018,C
1628500_2018,F
202700_2018,F-C
201967_2018,F
202722_2018,F
1629022_2019,G-F
1629640_2019,F-G
1628401_2019,G
1627749_2019,G
1629002_2019,F-C
201988_2019,G
201942_2019,G-F
1627854_2019,G
200746_2019,C-F
1629234_2019,F-C
1629683_2019,G
201158_2019,G
1629677_2019,F
200752_2019,F-G
1627751_2019,C
203092_2019,F-C
1626168_2019,F
1629022_2020,G-F
1629640_2020,F-G
1628401_2020,G
1627749_2020,G
203476_2020,C
201988_2020,G
201942_2020,G-F
1629234_2020,F-C
1629683_2020,G
1629677_2020,F
200752_2020,F-G
1630170_2020,G-F
1627751_2020,C
1628966_2020,F
1630200_2020,G
1626168_2020,F
1629610_2020,G-F
1629022_2021,G-F
1629640_2021,F-G
1627749_2021,G
1626196_2021,G
1630563_2021,G
1630580_2021,G-F
203926_2021,F
1629719_2021,F
1630597_2021,G
1628380_2021,F-C
1630170_2021,G-F
1627751_2021,C
1630218_2021,F
1628966_2021,F
1630200_2021,G
1629111_2021,C
1629641_2021,G-F
1629640_2022,F-G
1628984_2022,G
1631110_2022,F
1631104_2022,G
203926_2022,F
1631103_2022,F
1628380_2022,F-C
203920_2022,C
1630170_2022,G-F
1631230_2022,F
1629646_2022,C-F
1630577_2022,F
1628966_2022,F
1630200_2022,G
1629641_2022,G-F
203476_2022,C
1630572_2022,F-C
1630564_2023,F
1641705_2023,F-C
1629640_2023,F-G
1628984_2023,G
1631110_2023,F
1631104_2023,G
1626224_2023,F
1631123_2023,G
1631103_2023,F
1628380_2023,F-C
1630170_2023,G-F
1631321_2023,G
1631230_2023,F
1629646_2023,C-F
1630561_2023,G
1630577_2023,F
1630200_2023,G
1630572_2023,F-C
1629640_2024,F-G
1641705_2024,F-C
101108_2024,G
1628368_2024,G
1642264_2024,G
1630561_2024,G
1631110_2024,F
1629162_2024,G
1631104_2024,G
202687_2024,C
1631103_2024,F
1630170_2024,G-F
1642434_2024,F
1629646_2024,C-F
1630577_2024,F
203084_2024,F
1630572_2024,F-C
1631127_2024,F
1629162_2025,G
1641705_2025,F-C
1642844_2025,G
1629640_2025,F-G
1628368_2025,G
1642264_2025,G
1628436_2025,C-F
203482_2025,F-C
1642868_2025,F
1641801_2025,F
202687_2025,C
1630170_2025,G-F
1642357_2025,G
1630577_2025,F
203084_2025,F
1630322_2025,F
203486_2025,F-C
1631127_2025,F
201566_2016,G
1627734_2016,F
2555_2016,F
203506_2016,G
203902_2016,G
203518_2016,G-F
203924_2016,F
202683_2016,C
203500_2016,C
202713_2016,F
203460_2016,F
201959_2016,F
203926_2016,F
202708_2016,G
203962_2016,F
201566_2017,G
101109_2017,G
201147_2017,G-F
2555_2017,F-C
2546_2017,F
203518_2017,G
203924_2017,F
203500_2017,C
202331_2017,F
202713_2017,F
203460_2017,G
1628390_2017,G
1627772_2017,G-F
203962_2017,G
1628408_2017,G
1626177_2017,C
202335_2017,F
201566_2018,G
101109_2018,G
203457_2018,F-C
202693_2018,F
1628977_2018,G
1628393_2018,G
203924_2018,F
1627846_2018,F
203500_2018,C
202331_2018,F
1629055_2018,F
203471_2018,G
203460_2018,G-F
1628390_2018,G
1629126_2018,G
202335_2018,F
1628983_2019,G-F
101108_2019,G
1629652_2019,G
1628977_2019,G
1629647_2019,F-G
201568_2019,F
203457_2019,C-F
1627846_2019,F
203500_2019,C
1628985_2019,G
1628987_2019,F
203471_2019,G
203460_2019,G-F
1629676_2019,F
1628390_2019,G
1629126_2019,G-F
203488_2019,F-C
1628983_2020,G-F
1629652_2020,G
1630466_2020,F
1629647_2020,F-G
202689_2020,G
1629658_2020,F
1630177_2020,G
1628396_2020,C-F
1629004_2020,G-F
1630221_2020,F
1629660_2020,G-F
1630197_2020,C
1629676_2020,F
203488_2020,F-C
1629026_2020,G-F
1629718_2020,G
1628983_2021,G
1630581_2021,G
1629652_2021,G
1628982_2021,G-F
1629647_2021,F
1630177_2021,G
1630322_2021,F
202324_2021,F
1629660_2021,G-F
1630197_2021,F
1630598_2021,G
1629676_2021,F
1630544_2021,G
1630249_2021,G
203488_2021,F-C
1629026_2021,G-F
1630526_2021,F
1628983_2022,G
1630581_2022,G
1629652_2022,G
1631119_2022,F
1631096_2022,C-F
1631114_2022,G-F
203967_2022,F-C
1630198_2022,G
1630322_2022,F
1631172_2022,F
1630215_2022,G
1630197_2022,F
1630598_2022,G
1630544_2022,G
1630846_2022,C
1629026_2022,G-F
1630526_2022,F
1628983_2023,G
1630581_2023,G
1629652_2023,G
1631119_2023,F
1631096_2023,C-F
1631114_2023,G-F
1630198_2023,G
1630322_2023,F
1631172_2023,F
1641745_2023,G
202687_2023,C
1641749_2023,F
1630598_2023,G
1641717_2023,G
1630846_2023,C
202330_2023,F
1629026_2023,G-F
203488_2023,F-C
1628983_2024,G
1641794_2024,F
1629652_2024,G
1631119_2024,F
1631096_2024,C-F
1631114_2024,G-F
1627936_2024,G
1630198_2024,G
1631172_2024,F
1641745_2024,G
1642382_2024,C
1630598_2024,G
1641717_2024,G
1642349_2024,G
1629026_2024,G-F
1642260_2024,G
1628392_2024,C-F
1642505_2024,G
1628983_2025,G
1642272_2025,G
1629652_2025,G
1631119_2025,F
1631096_2025,C-F
1631114_2025,G-F
1627936_2025,G
1630198_2025,G
1642850_2025,C
1642362_2025,F
1642382_2025,C
1630598_2025,G
1641717_2025,G
1642964_2025,G
1642349_2025,G
1629026_2025,G-F
1642260_2025,G
1628392_2025,C-F
200782_2016,F
201960_2016,F
202709_2016,G
200768_2016,G
201586_2016,F
201942_2016,G
202685_2016,C
203998_2016,F
1627832_2016,G
1626181_2016,G
1627751_2016,C
1627783_2016,F
202335_2016,F
1626153_2016,G
203512_2016,C
101139_2017,F-G
1628384_2017,F
203485_2017,G
200768_2017,G
201586_2017,F-C
201942_2017,G
1626259_2017,F
202685_2017,C
1627781_2017,G
1627832_2017,G
1626181_2017,F-G
1628035_2017,F
1627751_2017,C
1627783_2017,F
1626153_2017,G
203512_2017,C
1627775_2018,G
202695_2018,F
1628384_2018,F
200768_2018,G
1628070_2018,G
201586_2018,C-F
1626259_2018,F
201980_2018,G-F
203961_2018,F-C
202391_2018,G
201975_2018,G
1627832_2018,G
1626181_2018,F-G
1628449_2018,F
201188_2018,C
1627783_2018,F
1629056_2019,G
1628778_2019,G
1628384_2019,F
1626178_2019,F
1626169_2019,F-G
200768_2019,G
201586_2019,F
1629052_2019,F-G
1626259_2019,G-F
1629608_2019,C-F
1629744_2019,G
1627775_2019,G
1627832_2019,G
1626181_2019,G
1628449_2019,F-C
201188_2019,C
1627783_2019,F
1630273_2020,F
1628778_2020,G
1628384_2020,F
1626169_2020,F-G
200768_2020,G
1630201_2020,G
1629139_2020,G-F
1627832_2020,G
203920_2020,C
1628449_2020,F-C
203918_2020,G-F
1629018_2020,G-F
1627783_2020,F
203382_2020,C-F
1627761_2020,G-F
1629717_2021,G
1628384_2021,F
1630567_2021,F
1630173_2021,F
1630551_2021,G-F
1630525_2021,G
1629004_2021,G-F
1629067_2021,G
1629139_2021,G-F
201152_2021,F
1630201_2021,G
1627832_2021,G
203920_2021,C
1628449_2021,F-C
1629018_2021,G-F
1627783_2021,F
1630625_2021,F
203115_2022,G
1628384_2022,F
1630567_2022,F
1630173_2022,F
1631199_2022,F
1630580_2022,G-F
1627751_2022,C
1630288_2022,G
201152_2022,F
1630201_2022,G
1627832_2022,G
1628449_2022,F-C
203490_2022,F
1629018_2022,G-F
1631132_2022,C
1627783_2022,F
1630625_2022,F
1642013_2023,C
1631241_2023,G
1641711_2023,G-F
1629667_2023,F
1630618_2023,G
1630567_2023,F-G
1630193_2023,G
1629628_2023,F-G
1628971_2023,G-F
1629670_2023,F
1631338_2023,F
202066_2023,G-F
1627751_2023,C
1628449_2023,F
1630534_2023,G
1629018_2023,G
203482_2023,F-C
1630639_2024,G
1641711_2024,G-F
1642367_2024,F
1627742_2024,F
1630567_2024,F-G
1630193_2024,G
1631197_2024,G
1629628_2024,F-G
1630658_2024,C
1642266_2024,G
202066_2024,G-F
1627751_2024,C
1642279_2024,C
1642347_2024,G
1628449_2024,F
1630534_2024,G
1642419_2024,F
1630639_2025,G
1641711_2025,G-F
1642367_2025,F
1627742_2025,F
1630567_2025,F-G
1630193_2025,G
1629628_2025,F-G
1642867_2025,F
1642266_2025,G
202066_2025,G-F
1627751_2025,C
1642347_2025,G
1642935_2025,G
1631218_2025,F
1630572_2025,F-C
1642918_2025,G
1642419_2025,F
204060_2016,F
201588_2016,G
203918_2016,G
2207_2016,F-G
202714_2016,G
202692_2016,G
203957_2016,G
202324_2016,F-C
202330_2016,F
1627762_2016,F
203481_2016,C
203526_2016,G
203497_2016,C
2564_2016,C-F
1626168_2016,F
204060_2017,F
201937_2017,G
204065_2017,G
201973_2017,F
202692_2017,G
203957_2017,G
1628396_2017,C
202324_2017,F-C
1628571_2017,F
200757_2017,F
1626220_2017,F
203526_2017,G
203497_2017,C
1627777_2017,F
202327_2017,C-F
1628378_2017,G
203109_2017,F
204060_2018,F
201937_2018,G
203957_2018,G
1628396_2018,C
202324_2018,F-C
200757_2018,F
1626220_2018,F
1628960_2018,G
203526_2018,G
2594_2018,G-F
203497_2018,C
1628513_2018,G
1627777_2018,F
202327_2018,C-F
1628463_2018,F
1628378_2018,G
203109_2018,F
203903_2019,G
1628430_2019,G
204060_2019,F-G
1629625_2019,G
1629714_2019,F
1629730_2019,G
201144_2019,G
1628396_2019,C-F
1626144_2019,G
1629752_2019,F
202334_2019,C-F
1626220_2019,F
203497_2019,C
1627777_2019,F
202711_2019,F
1628378_2019,G
1629671_2019,G-F
203903_2020,G
204060_2020,F-G
1630235_2020,G
1629714_2020,F
201144_2020,G
202324_2020,F
1629752_2020,F
1628962_2020,C-F
1629744_2020,G
1626220_2020,F
203497_2020,C
1627777_2020,F
1630190_2020,G
202711_2020,F
1628378_2020,G
101141_2020,F
1629671_2020,G-F
203903_2021,G
1629672_2021,F
1630235_2021,G
1629638_2021,G
200752_2021,F-G
201144_2021,G
1630215_2021,G
1630270_2021,F
1628962_2021,C-F
202355_2021,C
1626220_2021,F
1627863_2021,F-G
203497_2021,C
1627823_2021,F
202711_2021,F
1628378_2021,G
203903_2022,G
1629659_2022,G
1629012_2022,G
1627739_2022,G
1630176_2022,C
1627745_2022,C
1631323_2022,F
1629677_2022,F
1628962_2022,C-F
200752_2022,F-G
1628374_2022,F-C
1631117_2022,C
1630695_2022,C
1630534_2022,G
1630548_2022,G
203482_2022,F-C
1629308_2022,F
203903_2023,G
1641707_2023,F
1629012_2023,G
1641718_2023,G
1629659_2023,G
1641729_2023,F
1630554_2023,G
1627739_2023,G
1630184_2023,G
1629677_2023,F
1628381_2023,F-C
1628374_2023,F-C
1631117_2023,C
1630695_2023,C
1629647_2023,F
1630548_2023,G
1631254_2023,F
1630209_2023,C
203903_2024,G
1641707_2024,F
1629012_2024,G
1641718_2024,G
1642262_2024,F
1630531_2024,G
1642268_2024,G
1641989_2024,G
1629004_2024,G-F
1628381_2024,F-C
1642271_2024,C
1628374_2024,F-C
1631117_2024,C
1630695_2024,C
1641729_2024,F
1630548_2024,G
1631131_2024,F-C
1630231_2024,F
1643060_2025,G
1642396_2025,F
1641718_2025,G
1642262_2025,F
1642268_2025,G
1629004_2025,G-F
1641989_2025,G
1642846_2025,F
1628991_2025,F-C
1643016_2025,G
1642271_2025,C
1628374_2025,F-C
1631117_2025,C
1641729_2025,F
203994_2025,C
1631131_2025,F-C
201567_2025,F-C
1629723_2025,G
203210_2016,F
1626185_2016,F
1627735_2016,G
1626150_2016,G
1627782_2016,G
203516_2016,F
2754_2016,G-F
201144_2016,G
1713_2016,G-F
1627738_2016,F
202718_2016,F
203584_2016,G
201188_2016,C
201148_2016,F
2216_2016,F
203210_2017,F
1626185_2017,F
1628424_2017,G
1627362_2017,G
1627988_2017,F
1626150_2017,G
201596_2017,G
1627782_2017,G-F
202705_2017,G-F
1628397_2017,F
201144_2017,G
201936_2017,G-F
203104_2017,G
1627738_2017,C-F
203463_2017,G
1628415_2017,F-G
202718_2017,F
201188_2017,C
202340_2018,G
203937_2018,F
1626153_2018,G
1628975_2018,G
1627395_2018,F-G
203998_2018,F
101139_2018,F-G
203200_2018,F-G
1628397_2018,F
201144_2018,G
1629139_2018,G
1628991_2018,F-C
202685_2018,C
1628416_2018,G
1628415_2018,G-F
202718_2018,F
203092_2018,C
201149_2018,C
1629007_2019,C-F
1629001_2019,G
203937_2019,F-G
1628960_2019,G
1626159_2019,F-G
1629630_2019,G
1628991_2019,F-C
203476_2019,C
1629634_2019,F-G
202685_2019,C
1629139_2019,G-F
1628367_2019,G-F
1626145_2019,G
1629741_2019,G
1628415_2019,G-F
201229_2019,F
1629723_2019,G
1629001_2020,G
203937_2020,F-G
1630214_2020,F
1628960_2020,G
1629007_2020,C-F
1626159_2020,F-G
204025_2020,G
1629630_2020,G
1628991_2020,F-C
1629634_2020,F
202685_2020,C
1626145_2020,G
1630217_2020,G
1628415_2020,G-F
1630253_2020,F
1629681_2020,F-C
1629723_2020,G
1629001_2021,G
203937_2021,F-G
1630214_2021,F
1630179_2021,G
203500_2021,C
1630582_2021,F
1630583_2021,F-C
1630533_2021,F
1629630_2021,G
1628991_2021,F-C
1629634_2021,F
1626145_2021,G
1630217_2021,G
1629633_2021,G-F
1628415_2021,G-F
1629681_2021,F-C
1629723_2021,G
1631367_2022,G
1630214_2022,F
1631222_2022,F
203500_2022,C
1631246_2022,G
1631254_2022,F
1630583_2022,F-C
1630533_2022,F
1628379_2022,G
1629630_2022,G
1628991_2022,F-C
1629634_2022,F
1626145_2022,G
1630217_2022,G
1628415_2022,G-F
1631223_2022,F
1629723_2022,G
1630692_2023,G
1630590_2023,G
1631222_2023,F
1631246_2023,G
1630583_2023,F-C
1630533_2023,F
1628379_2023,G
1629630_2023,G
1628991_2023,F-C
1629634_2023,F
1629139_2023,G-F
1630217_2023,G
201565_2023,G
1630205_2023,F
203935_2023,G
1641713_2023,F
1629723_2023,G
1641998_2023,C
1642389_2024,G
1642377_2024,F
1630590_2024,G
203484_2024,G
1631246_2024,G
1630583_2024,F-C
1630205_2024,F
1628379_2024,G
1629630_2024,G
1628991_2024,F-C
1641744_2024,C
1629634_2024,F
1642530_2024,G
1642285_2024,G
1630643_2024,C
1628963_2024,F
1641713_2024,F
1629723_2024,G
1630175_2024,G
1642942_2025,G
1642377_2025,F
1630590_2025,G
1629660_2025,G-F
203484_2025,G
1642383_2025,G
1630583_2025,F-C
1642914_2025,G
1629630_2025,G
1641744_2025,C
1629634_2025,F
1641765_2025,F
1641712_2025,G-F
1641707_2025,F
1642907_2025,G
1642285_2025,G
1641713_2025,F
201959_2025,F
1626191_2016,F
202322_2016,G
203078_2016,G
202693_2016,F
201943_2016,G
1627815_2016,G-F
1626162_2016,F
101162_2016,C
201160_2016,F-C
203490_2016,F
101133_2016,C
203107_2016,G-F
1627849_2016,F
203504_2016,G
202711_2016,G
1626191_2017,F
202322_2017,G
203078_2017,G
201951_2017,G
202693_2017,F
1628421_2017,F
204025_2017,G
201196_2017,G
1626162_2017,F
101162_2017,C
201160_2017,F-C
201975_2017,G
203490_2017,F
101133_2017,C
203118_2017,F
203107_2017,G-F
2772_2018,F
202322_2018,G
203078_2018,G
202325_2018,F-G
1626171_2018,F
1628972_2018,F
1628421_2018,F
1626155_2018,F
1626184_2018,G
203953_2018,F
1628418_2018,C
2730_2018,C
1629341_2018,G
101133_2018,C
203107_2018,G-F
201145_2018,F
203895_2018,G
1629678_2019,G-F
202322_2019,G
203078_2019,G
203894_2019,G
1628972_2019,G-F
1627784_2019,F
1629060_2019,F
1629010_2019,G
1628418_2019,C-F
202397_2019,G
1629067_2019,G
1628394_2019,C-F
1629140_2019,F
1627780_2019,G
1629021_2019,F-C
1626170_2019,G
1629726_2019,G
101133_2019,C
202722_2019,F
1630258_2020,G
1628990_2020,F-G
203078_2020,G
201566_2020,G
1630216_2020,G
1629060_2020,F
1630166_2020,F
1628418_2020,C-F
202397_2020,G
201577_2020,C
1630264_2020,F
1629067_2020,G
203526_2020,G
1629655_2020,F-C
1629726_2020,G
203458_2020,C
202722_2020,F
203484_2021,G
203078_2021,G
202397_2021,G
1630216_2021,G
204001_2021,F-C
1629060_2021,F
1630166_2021,F
1628418_2021,C-F
1630225_2021,F
1630264_2021,F
203526_2021,G
1630648_2021,G
1629655_2021,F-C
1630176_2021,F-C
1630557_2021,F
203107_2021,G
1628398_2021,F
1631098_2022,G
203078_2022,G
204001_2022,F-C
1630692_2022,G
1630166_2022,F
1641645_2022,F
1630225_2022,F
1630264_2022,F
1629134_2022,G
1629655_2022,F-C
1628420_2022,G
1630557_2022,F
1631245_2022,G
1628398_2022,F
1630643_2022,C
1626153_2022,G
201959_2022,F
1641731_2023,G
1641774_2023,F
1631098_2023,G
1630215_2023,G
1626145_2023,G
1631116_2023,F
1630166_2023,F
1629673_2023,G
1631262_2023,G
1630264_2023,F
1629013_2023,G
1626158_2023,F
1630557_2023,F
1628398_2023,F
1628963_2023,F
1630647_2023,F
1630551_2023,G-F
1641731_2024,G
1641774_2024,F
1641732_2024,G
1641798_2024,G
1642358_2024,G
1642267_2024,G
1630551_2024,G-F
1629673_2024,G
1630180_2024,G-F
1627763_2024,G
1630264_2024,F
1642273_2024,F
1642259_2024,C
1630550_2024,F
1626158_2024,F
1630557_2024,F
203114_2024,F
203935_2024,G
1642882_2025,F
1641731_2025,G
1641774_2025,F
1641715_2025,F
1629027_2025,G
1626156_2025,G
1642364_2025,F
1642267_2025,G
1630702_2025,G
1630551_2025,G-F
1642848_2025,G
1641778_2025,F
1630536_2025,G
1630264_2025,F
1642273_2025,F
1642259_2025,C
203076_2025,F-C
1642860_2025,F
203083_2016,C
202704_2016,G
203484_2016,G
1626199_2016,G-F
1626169_2016,F
1627740_2016,F
1627771_2016,G-F
203382_2016,C-F
202694_2016,F
202397_2016,G
2757_2016,G
203493_2016,F
202720_2016,F
202699_2016,F
1626246_2016,C
203083_2017,C
202704_2017,G
1628379_2017,G
1626169_2017,F
1627740_2017,F
204038_2017,G
202397_2017,G
202779_2017,G
1627770_2017,G
201933_2017,F
203961_2017,F-C
203493_2017,G-F
202720_2017,F-C
203516_2017,F
203687_2017,G
2749_2017,G
201229_2017,F
203083_2018,C
202704_2018,G
1628379_2018,G
1628971_2018,G
1627748_2018,F
204038_2018,G
1627785_2018,G
1629017_2018,G
202397_2018,G
1629004_2018,G
201961_2018,G
203922_2018,G-F
201933_2018,F
203564_2018,G
2585_2018,C
202720_2018,F
101181_2018,G
1628379_2019,G
1628971_2019,G-F
1627748_2019,F-C
204038_2019,G
1628383_2019,C
1629017_2019,G
1629663_2019,F
203503_2019,G
1629648_2019,G
1629004_2019,G-F
202688_2019,G
201933_2019,F
201565_2019,G
203089_2019,F-C
1626174_2019,F
1629635_2019,F
203895_2019,G
1628372_2020,G
1628402_2020,G
1628977_2020,G
1630165_2020,G
201961_2020,G
203924_2020,F
1626143_2020,C-F
203585_2020,G
202709_2020,G
1628367_2020,G-F
203486_2020,F-C
1629076_2020,F
1630191_2020,F-C
1630240_2020,G
1630180_2020,F
1629635_2020,F
1629686_2020,F-G
1630595_2021,G
1629035_2021,G
1628402_2021,G
1628977_2021,G
1630165_2021,G
203924_2021,F
1630587_2021,F
203482_2021,F-C
203585_2021,G
1630296_2021,F
202709_2021,G
1630691_2021,F
1630191_2021,F-C
1628963_2021,F
1630240_2021,G
1630180_2021,F
1630568_2021,C
1631105_2022,C
1630595_2022,G
202692_2022,G
1628977_2022,G
1630165_2022,G
1631197_2022,G
1630587_2022,F
1630164_2022,C
1630181_2022,G
203585_2022,G
202709_2022,G
1631093_2022,G
1631205_2022,F
1630191_2022,F-C
1628963_2022,F
202711_2022,F
1630647_2022,F
1631105_2023,C
1630595_2023,G
1629002_2023,F-C
1628972_2023,G-F
1631197_2023,G
1641709_2023,G-F
1630164_2023,C
1630649_2023,G
1630201_2023,G
1641787_2023,F
1631323_2023,F
1631093_2023,G
1629656_2023,G
1631204_2023,G
1631205_2023,F
1630191_2023,F-C
203095_2023,G-F
201959_2023,F
1631105_2024,C
1641842_2024,F
1630595_2024,G
1627736_2024,G
1630194_2024,F
203501_2024,G-F
1641709_2024,G-F
202699_2024,F
1631199_2024,G-F
203471_2024,G
1631323_2024,F
1631093_2024,G
1642450_2024,G
1631204_2024,G
1630191_2024,F-C
1641752_2024,F
1642449_2024,F
1630322_2024,F
1631105_2025,C
1630595_2025,G
1642403_2025,F
1641842_2025,F
1630194_2025,F
1627747_2025,G
1641709_2025,G-F
202699_2025,F
1631111_2025,G
1642404_2025,G
1642450_2025,G
1631204_2025,G
1628989_2025,G-F
1630191_2025,F-C
1629750_2025,G
1642449_2025,F
1629130_2025,F
1627362_2016,G
101107_2016,F
203087_2016,G
201587_2016,G
201196_2016,G
203948_2016,F-C
1626203_2016,G-F
203077_2016,F
202689_2016,G
203101_2016,C
201158_2016,G-F
203148_2016,G
1626174_2016,F
203469_2016,C
1626163_2016,C
1628370_2017,G
101107_2017,F
203087_2017,G
1627779_2017,G
201587_2017,G-F
1628407_2017,F
1628493_2017,F-C
203487_2017,G
2730_2017,C
203077_2017,F
202689_2017,G
1626203_2017,G-F
202933_2017,G
203469_2017,C-F
1626195_2017,C
1626163_2017,F-C
1628970_2018,F
1628370_2018,G
101107_2018,F
203087_2018,G
1628984_2018,G
201587_2018,F-G
202714_2018,G
1628407_2018,G-F
202687_2018,C
2225_2018,G
203077_2018,F
202689_2018,G
1629147_2018,G
203469_2018,C
1626195_2018,C
1626163_2018,F-C
1629122_2018,G
1628970_2019,F
1628370_2019,G
1626179_2019,G
1628984_2019,G
201587_2019,G-F
1629667_2019,F-C
1628407_2019,G-F
202687_2019,C
1626195_2019,C-F
1628997_2019,F
1628998_2019,F
1628424_2019,G
1629023_2019,F
1629034_2019,F
203469_2019,F-C
1628970_2020,F
1628370_2020,G
1630163_2020,G
1626179_2020,G
1628984_2020,G
1629667_2020,F-C
1630203_2020,G
202687_2020,C
202954_2020,G
1628997_2020,F
1628998_2020,F
1630208_2020,C
202330_2020,F
1630176_2020,F-C
1629023_2020,F
1630268_2020,G
203469_2020,F-C
1628970_2021,F
1630163_2021,G
1626179_2021,G
202738_2021,G
1630547_2021,G
1629667_2021,F-C
1626149_2021,F-C
1628998_2021,F
1626162_2021,F-G
1630208_2021,C
1630575_2021,G
202330_2021,F
1630550_2021,F
1630539_2021,C-F
203486_2021,F-C
1629023_2021,F
1629083_2021,F
1630163_2022,G
1630547_2022,G
1626179_2022,G
1630208_2022,C
1631109_2022,C
1631121_2022,G
1628372_2022,G
1630177_2022,G
1628998_2022,F
1626162_2022,F-G
1629004_2022,G-F
1630270_2022,F
202330_2022,F
1630550_2022,F
1628424_2022,G
1630539_2022,C-F
1629023_2022,F
1628970_2023,F
1630163_2023,G
1629684_2023,F
1630208_2023,C
1631109_2023,C
1631121_2023,G
1641733_2023,G
202722_2023,F
1641735_2023,G
1628998_2023,F
1629716_2023,C
1641778_2023,F
1630197_2023,F
1630550_2023,F
203995_2023,G
1630544_2023,G
1641706_2023,F
203552_2023,G
1628970_2024,F
1630163_2024,G
1629684_2024,F
1629610_2024,G-F
1631109_2024,C
1641878_2024,G
1641733_2024,G
1631111_2024,G
1630182_2024,G
203994_2024,C
1629006_2024,G
1631217_2024,F
1630544_2024,G
1641706_2024,F
1642354_2024,G
203552_2024,G
1642275_2024,F
201959_2024,F
1628970_2025,F
1630163_2025,G
1629684_2025,F
1629632_2025,G
1642883_2025,G
1642851_2025,G-F
1630182_2025,G
1641750_2025,C
1641810_2025,G
1631217_2025,F
1641790_2025,C
1641787_2025,F
1626192_2025,G
1630544_2025,G
1641706_2025,F
1630214_2025,F
1642275_2025,F
1642862_2025,F
